Order Date,Sales
2011-01-01,808.563
2011-01-02,314.22
2011-01-03,4503.537200000001
2011-01-04,2808.8702400000006
2011-01-05,3662.3100000000004
2011-01-06,622.5381
2011-01-07,7123.0185
2011-01-08,6293.260000000001
2011-01-09,813.7494
2011-01-10,6794.181159999998
2011-01-11,6451.2517000000025
2011-01-12,2629.71652
2011-01-13,2584.5950000000003
2011-01-14,6280.447500000001
2011-01-15,2279.5305999999996
2011-01-16,149.95
2011-01-17,2309.5292400000003
2011-01-18,932.763
2011-01-19,2054.6910000000003
2011-01-20,2289.2410000000004
2011-01-21,8485.357599999998
2011-01-22,3564.1245000000004
2011-01-23,2163.4300000000003
2011-01-24,3984.3813000000005
2011-01-25,1191.6220000000003
2011-01-26,5422.6763999999985
2011-01-27,2165.3999
2011-01-28,1208.1219999999998
2011-01-29,909.94
2011-01-30,454.88700000000006
2011-01-31,7642.584999999998
2011-02-01,2455.67
2011-02-02,7712.676300000001
2011-02-03,366.64400000000006
2011-02-04,1866.7819999999995
2011-02-05,221.396
2011-02-06,2.688
2011-02-07,1799.1848
2011-02-08,1007.8199999999999
2011-02-09,4575.807360000001
2011-02-10,11865.386000000002
2011-02-11,1007.4273599999999
2011-02-12,2870.7999999999997
2011-02-13,129.56799999999998
2011-02-14,4603.894
2011-02-15,10346.900999999998
2011-02-16,9333.6093
2011-02-17,630.9812000000002
2011-02-18,2301.124
2011-02-19,156.134
2011-02-20,0.0
2011-02-21,4485.642999999999
2011-02-22,2646.1440000000002
2011-02-23,4353.976
2011-02-24,5868.44554
2011-02-25,3393.51712
2011-02-26,4106.661000000001
2011-02-27,624.96
2011-02-28,2418.3169999999996
2011-03-01,12565.766300000001
2011-03-02,4148.3728
2011-03-03,9479.9366
2011-03-04,1243.0729999999999
2011-03-05,834.1659999999999
2011-03-06,135.08
2011-03-07,3863.3620000000005
2011-03-08,9871.403600000001
2011-03-09,722.766
2011-03-10,4109.667999999999
2011-03-11,2933.80812
2011-03-12,4636.7480000000005
2011-03-13,0.0
2011-03-14,6627.33
2011-03-15,1824.6240000000005
2011-03-16,1160.8820000000003
2011-03-17,4614.012999999999
2011-03-18,30117.546200000004
2011-03-19,971.4619999999999
2011-03-20,0.0
2011-03-21,10681.922139999999
2011-03-22,3879.7969999999996
2011-03-23,5070.3631000000005
2011-03-24,1363.384
2011-03-25,3267.1712599999996
2011-03-26,856.4449999999999
2011-03-27,29.814
2011-03-28,4261.49644
2011-03-29,2950.3782
2011-03-30,5760.512600000001
2011-03-31,7748.075999999999
2011-04-01,2582.8010000000013
2011-04-02,8922.054
2011-04-03,879.2599999999999
2011-04-04,5723.199479999998
2011-04-05,10266.554299999996
2011-04-06,4672.516
2011-04-07,3439.49
2011-04-08,6800.4259999999995
2011-04-09,367.365
2011-04-10,0.0
2011-04-11,4548.4736
2011-04-12,4013.3250000000003
2011-04-13,3053.3892000000014
2011-04-14,6250.893999999999
2011-04-15,1727.692
2011-04-16,4039.898000000001
2011-04-17,0.0
2011-04-18,5905.0504999999985
2011-04-19,2861.8180000000007
2011-04-20,4136.99
2011-04-21,4701.6900000000005
2011-04-22,7061.9661
2011-04-23,772.1399999999999
2011-04-24,165.81599999999997
2011-04-25,5028.6025
2011-04-26,2086.2285
2011-04-27,8435.276999999998
2011-04-28,3908.2380000000007
2011-04-29,3070.8260000000005
2011-04-30,1493.7840000000003
2011-05-01,0.0
2011-05-02,9275.206999999999
2011-05-03,5259.2939
2011-05-04,7512.656700000002
2011-05-05,2998.255
2011-05-06,5964.679679999998
2011-05-07,1983.5140000000006
2011-05-08,2501.4930000000004
2011-05-09,5018.485739999998
2011-05-10,5825.5265
2011-05-11,2821.097
2011-05-12,5518.592000000001
2011-05-13,6773.806000000002
2011-05-14,4542.15
2011-05-15,193.9275
2011-05-16,1568.4530000000002
2011-05-17,3523.5690000000004
2011-05-18,9233.354399999998
2011-05-19,3039.9052
2011-05-20,1291.3950000000002
2011-05-21,10643.691000000004
2011-05-22,225.89
2011-05-23,6533.043999999999
2011-05-24,10474.021600000002
2011-05-25,3042.062
2011-05-26,5963.664999999998
2011-05-27,5867.767
2011-05-28,2104.2679
2011-05-29,0.0
2011-05-30,8638.323100000001
2011-05-31,8409.743879999996
2011-06-01,11480.492699999997
2011-06-02,12516.593299999999
2011-06-03,11349.365000000003
2011-06-04,1924.0829999999996
2011-06-05,1139.3400000000001
2011-06-06,10266.100000000002
2011-06-07,16750.669159999987
2011-06-08,9526.714600000005
2011-06-09,10247.062000000002
2011-06-10,5473.2366
2011-06-11,3161.3019999999997
2011-06-12,37.464
2011-06-13,6576.145760000002
2011-06-14,4947.343499999997
2011-06-15,6110.875499999998
2011-06-16,4009.4889999999996
2011-06-17,14495.522159999993
2011-06-18,5516.986000000003
2011-06-19,57.9
2011-06-20,8528.583760000001
2011-06-21,8718.351000000004
2011-06-22,19196.0446
2011-06-23,3133.561
2011-06-24,5390.39244
2011-06-25,5901.028140000001
2011-06-26,1269.252
2011-06-27,6654.4935000000005
2011-06-28,7198.396799999999
2011-06-29,8332.5323
2011-06-30,5298.060400000002
2011-07-01,3844.656000000001
2011-07-02,388.955
2011-07-03,0.0
2011-07-04,1982.4308999999998
2011-07-05,3723.7455
2011-07-06,3773.45656
2011-07-07,4855.945120000001
2011-07-08,3385.2660000000005
2011-07-09,2023.0790000000006
2011-07-10,0.0
2011-07-11,5228.10488
2011-07-12,5227.161000000002
2011-07-13,1940.142
2011-07-14,3035.1459999999993
2011-07-15,933.7475999999999
2011-07-16,3626.502000000001
2011-07-17,355.0
2011-07-18,5443.5756
2011-07-19,4766.404799999999
2011-07-20,7975.5875
2011-07-21,6100.88292
2011-07-22,3074.46
2011-07-23,3859.005199999999
2011-07-24,101.47999999999999
2011-07-25,12335.771999999997
2011-07-26,7916.3664
2011-07-27,9804.38074
2011-07-28,3210.4893000000006
2011-07-29,1917.4847
2011-07-30,4205.2388
2011-07-31,475.9536
2011-08-01,6769.121500000001
2011-08-02,5344.5065
2011-08-03,10667.976399999998
2011-08-04,13623.401499999989
2011-08-05,5711.446399999998
2011-08-06,1072.5959999999998
2011-08-07,37.86
2011-08-08,8099.0470000000005
2011-08-09,13284.497999999998
2011-08-10,13151.891000000003
2011-08-11,7410.920999999999
2011-08-12,8969.596899999997
2011-08-13,2603.0519999999997
2011-08-14,0.0
2011-08-15,6933.397999999998
2011-08-16,13436.168300000003
2011-08-17,6625.603999999998
2011-08-18,9052.81576
2011-08-19,10154.612999999998
2011-08-20,3032.602
2011-08-21,2995.5723
2011-08-22,5180.476920000002
2011-08-23,3310.3500000000004
2011-08-24,5164.883919999998
2011-08-25,9633.2171
2011-08-26,8122.276199999999
2011-08-27,5397.358
2011-08-28,0.0
2011-08-29,7613.0608200000015
2011-08-30,8905.7286
2011-08-31,5277.4520999999995
2011-09-01,7250.914
2011-09-02,14364.146799999995
2011-09-03,813.54
2011-09-04,0.0
2011-09-05,4149.8752
2011-09-06,10296.679359999998
2011-09-07,6333.653000000002
2011-09-08,36827.74592
2011-09-09,11577.035680000005
2011-09-10,3268.4308
2011-09-11,1367.97
2011-09-12,14077.432679999998
2011-09-13,6391.792999999998
2011-09-14,17720.99817999999
2011-09-15,10736.176599999999
2011-09-16,5407.080900000001
2011-09-17,2466.3349999999996
2011-09-18,750.24
2011-09-19,16203.337359999998
2011-09-20,13651.333399999998
2011-09-21,9810.803199999997
2011-09-22,9066.5295
2011-09-23,23866.898999999994
2011-09-24,4393.344
2011-09-25,6371.580800000001
2011-09-26,8477.01134
2011-09-27,15354.154880000006
2011-09-28,11437.54183999999
2011-09-29,11746.71
2011-09-30,6035.162899999999
2011-10-01,1624.2071200000003
2011-10-02,598.144
2011-10-03,8662.521279999999
2011-10-04,8180.71572
2011-10-05,2596.1845000000008
2011-10-06,17181.1931
2011-10-07,11291.249920000002
2011-10-08,3840.9008000000003
2011-10-09,249.35999999999999
2011-10-10,7857.714799999999
2011-10-11,2025.2895000000003
2011-10-12,4656.311999999998
2011-10-13,9798.957979999997
2011-10-14,14453.231100000005
2011-10-15,8231.756720000003
2011-10-16,1364.09648
2011-10-17,5983.018659999999
2011-10-18,8290.87736
2011-10-19,8883.0806
2011-10-20,7524.298500000001
2011-10-21,7271.477400000001
2011-10-22,4953.815999999999
2011-10-23,0.0
2011-10-24,4550.6770000000015
2011-10-25,4802.985000000001
2011-10-26,8069.422899999999
2011-10-27,17289.68589999999
2011-10-28,5778.581699999998
2011-10-29,5022.808
2011-10-30,133.26
2011-10-31,7905.4400000000005
2011-11-01,18667.51056000001
2011-11-02,8691.009000000004
2011-11-03,19275.087599999995
2011-11-04,18652.757999999994
2011-11-05,10385.699799999999
2011-11-06,1555.6215
2011-11-07,13232.5699
2011-11-08,4292.2318000000005
2011-11-09,12155.4545
2011-11-10,10174.022
2011-11-11,24402.39877999999
2011-11-12,4232.559199999999
2011-11-13,345.76
2011-11-14,12537.595800000006
2011-11-15,10494.6696
2011-11-16,8008.893200000001
2011-11-17,14062.808200000001
2011-11-18,13514.934399999996
2011-11-19,9876.243999999999
2011-11-20,975.0
2011-11-21,5411.863999999997
2011-11-22,9528.561679999999
2011-11-23,8510.63296
2011-11-24,10785.4121
2011-11-25,18118.762319999998
2011-11-26,6403.179999999999
2011-11-27,302.75
2011-11-28,9289.640720000005
2011-11-29,8444.322400000003
2011-11-30,6168.5835
2011-12-01,14118.325200000005
2011-12-02,7294.1810000000005
2011-12-03,9013.214799999996
2011-12-04,615.2
2011-12-05,10388.71264
2011-12-06,12460.333499999999
2011-12-07,10246.562
2011-12-08,13338.557499999999
2011-12-09,14316.202399999998
2011-12-10,5847.550300000001
2011-12-11,796.6350400000001
2011-12-12,10224.353579999997
2011-12-13,14356.21064
2011-12-14,14350.154099999994
2011-12-15,15078.047999999999
2011-12-16,14190.514399999995
2011-12-17,13732.139399999995
2011-12-18,0.0
2011-12-19,10801.104360000001
2011-12-20,21881.9314
2011-12-21,13003.040239999997
2011-12-22,12810.891299999997
2011-12-23,10609.91348
2011-12-24,9788.526
2011-12-25,539.2235
2011-12-26,14832.921500000004
2011-12-27,15140.172699999997
2011-12-28,18801.06272
2011-12-29,10904.202899999998
2011-12-30,6705.186999999999
2011-12-31,7740.6630000000005
2012-01-01,0.0
2012-01-02,10006.664700000001
2012-01-03,3453.3043
2012-01-04,2617.8439000000003
2012-01-05,5662.2249999999985
2012-01-06,544.5139999999999
2012-01-07,3699.814
2012-01-08,2176.452
2012-01-09,3598.2800000000007
2012-01-10,6298.249000000001
2012-01-11,8259.468
2012-01-12,8385.098000000004
2012-01-13,7106.169999999998
2012-01-14,2041.0230000000001
2012-01-15,0.0
2012-01-16,8370.401999999998
2012-01-17,6562.912999999998
2012-01-18,4541.032
2012-01-19,3370.9543999999996
2012-01-20,3578.8797
2012-01-21,1382.5700000000002
2012-01-22,1493.13
2012-01-23,9669.3469
2012-01-24,3226.7200000000003
2012-01-25,3514.215
2012-01-26,3413.5885
2012-01-27,9422.532000000001
2012-01-28,7629.489840000001
2012-01-29,876.6600000000001
2012-01-30,3633.518
2012-01-31,1245.663
2012-02-01,1655.2548999999997
2012-02-02,11630.772
2012-02-03,957.816
2012-02-04,4976.209239999999
2012-02-05,396.84
2012-02-06,8730.321
2012-02-07,4020.9500000000003
2012-02-08,2318.80634
2012-02-09,4527.562000000001
2012-02-10,3683.7682999999993
2012-02-11,203.928
2012-02-12,156.54
2012-02-13,4968.7555999999995
2012-02-14,4814.3652
2012-02-15,5439.310000000001
2012-02-16,1259.6345999999999
2012-02-17,1518.394
2012-02-18,5537.5228
2012-02-19,175.8
2012-02-20,2677.5939999999996
2012-02-21,4677.513000000002
2012-02-22,2871.9580000000005
2012-02-23,4379.1314999999995
2012-02-24,3960.5175
2012-02-25,3307.15
2012-02-26,0.0
2012-02-27,7574.4800000000005
2012-02-28,3048.8770000000004
2012-02-29,1040.446
2012-03-01,3912.2845199999997
2012-03-02,10722.62
2012-03-03,625.05
2012-03-04,0.0
2012-03-05,8252.423999999999
2012-03-06,5920.861000000001
2012-03-07,8466.048999999999
2012-03-08,4857.2925
2012-03-09,3455.536760000001
2012-03-10,1169.653
2012-03-11,381.84
2012-03-12,4087.245100000001
2012-03-13,4668.9124999999985
2012-03-14,5567.2049
2012-03-15,7147.543199999999
2012-03-16,13257.423599999996
2012-03-17,538.5029999999999
2012-03-18,0.0
2012-03-19,11459.725600000003
2012-03-20,17842.293799999996
2012-03-21,4297.802
2012-03-22,5868.942000000002
2012-03-23,3936.5047999999997
2012-03-24,1816.809
2012-03-25,0.0
2012-03-26,8993.665000000003
2012-03-27,7167.214999999997
2012-03-28,4451.082799999998
2012-03-29,7350.8679999999995
2012-03-30,3309.6560799999997
2012-03-31,3551.764
2012-04-01,510.8958
2012-04-02,4606.772000000001
2012-04-03,2207.698999999999
2012-04-04,2904.1244800000004
2012-04-05,9765.980480000002
2012-04-06,7148.481239999999
2012-04-07,6394.754000000001
2012-04-08,0.0
2012-04-09,3254.5419999999995
2012-04-10,3481.707000000001
2012-04-11,5853.7588000000005
2012-04-12,3760.98448
2012-04-13,10056.3505
2012-04-14,9265.29444
2012-04-15,493.05600000000004
2012-04-16,14554.123499999998
2012-04-17,5026.786240000001
2012-04-18,8079.101859999999
2012-04-19,7687.612259999998
2012-04-20,6559.79606
2012-04-21,1608.8660000000002
2012-04-22,6675.234
2012-04-23,2668.28288
2012-04-24,3334.9657999999986
2012-04-25,9519.889000000003
2012-04-26,5788.4155
2012-04-27,6079.788240000001
2012-04-28,7614.462959999999
2012-04-29,427.68800000000005
2012-04-30,5722.857000000001
2012-05-01,3648.945400000002
2012-05-02,2318.8710000000005
2012-05-03,5683.187059999998
2012-05-04,10824.71712
2012-05-05,1394.5904
2012-05-06,1149.1086800000003
2012-05-07,11200.05968
2012-05-08,10824.805
2012-05-09,6777.641000000003
2012-05-10,8658.902599999998
2012-05-11,10523.359520000002
2012-05-12,3610.662
2012-05-13,312.454
2012-05-14,6948.144259999999
2012-05-15,10569.810600000003
2012-05-16,8159.349520000001
2012-05-17,8386.744999999999
2012-05-18,5269.476
2012-05-19,855.7050000000002
2012-05-20,169.54399999999998
2012-05-21,6140.583299999998
2012-05-22,9831.9655
2012-05-23,8572.9015
2012-05-24,9347.2105
2012-05-25,12591.215000000002
2012-05-26,2945.4518000000003
2012-05-27,11.448
2012-05-28,9209.771499999993
2012-05-29,9657.818000000001
2012-05-30,5710.869800000001
2012-05-31,17059.578500000003
2012-06-01,9042.425499999998
2012-06-02,6164.845399999998
2012-06-03,178.146
2012-06-04,7132.722059999998
2012-06-05,11513.676099999995
2012-06-06,8813.03
2012-06-07,7109.713499999998
2012-06-08,9397.2354
2012-06-09,3934.544799999999
2012-06-10,3240.8355
2012-06-11,13400.625620000006
2012-06-12,11955.748
2012-06-13,9580.443959999995
2012-06-14,6869.472
2012-06-15,6557.094160000001
2012-06-16,13218.052499999996
2012-06-17,1087.416
2012-06-18,14119.349700000006
2012-06-19,15135.083499999999
2012-06-20,13716.880999999996
2012-06-21,11013.102199999998
2012-06-22,11806.341599999998
2012-06-23,5459.079999999998
2012-06-24,331.57
2012-06-25,15915.407899999991
2012-06-26,9251.331019999998
2012-06-27,9843.515499999992
2012-06-28,4771.254000000002
2012-06-29,12080.776500000002
2012-06-30,3535.9790000000003
2012-07-01,2542.08
2012-07-02,4707.287699999998
2012-07-03,6684.9445
2012-07-04,9367.306999999999
2012-07-05,3103.0605400000004
2012-07-06,8492.151919999998
2012-07-07,4382.909999999999
2012-07-08,33.984
2012-07-09,5109.273639999999
2012-07-10,2585.2245000000007
2012-07-11,9034.242960000001
2012-07-12,5471.207999999999
2012-07-13,8228.9015
2012-07-14,3906.4185
2012-07-15,26.892
2012-07-16,7015.931500000001
2012-07-17,4968.6812
2012-07-18,6272.59914
2012-07-19,1634.973
2012-07-20,7687.441999999998
2012-07-21,1752.60416
2012-07-22,0.0
2012-07-23,8516.752000000002
2012-07-24,5628.178460000001
2012-07-25,6362.431000000002
2012-07-26,4225.5466400000005
2012-07-27,4140.50776
2012-07-28,1348.7609999999997
2012-07-29,42.82
2012-07-30,5247.402
2012-07-31,6716.2685
2012-08-01,12391.7964
2012-08-02,17671.647099999995
2012-08-03,20849.176620000006
2012-08-04,1388.094
2012-08-05,2078.9690000000005
2012-08-06,7336.648980000001
2012-08-07,9290.4067
2012-08-08,8976.3498
2012-08-09,12666.19216
2012-08-10,15656.078600000004
2012-08-11,1506.948
2012-08-12,691.905
2012-08-13,5722.6392
2012-08-14,14003.467999999995
2012-08-15,6844.231999999998
2012-08-16,16138.6797
2012-08-17,9297.288999999997
2012-08-18,6422.0311
2012-08-19,33.96
2012-08-20,17934.238800000006
2012-08-21,6849.497000000001
2012-08-22,9683.212500000003
2012-08-23,10801.218999999996
2012-08-24,19841.953799999992
2012-08-25,2598.4365199999997
2012-08-26,2258.2039999999997
2012-08-27,10458.086000000001
2012-08-28,16827.2455
2012-08-29,15279.03
2012-08-30,7040.724999999999
2012-08-31,14604.582900000003
2012-09-01,5592.234000000001
2012-09-02,2085.825
2012-09-03,11086.860040000001
2012-09-04,10733.8545
2012-09-05,9362.82758
2012-09-06,15371.872880000003
2012-09-07,13642.546999999997
2012-09-08,2771.9910000000004
2012-09-09,3305.814
2012-09-10,15473.230300000001
2012-09-11,7064.7848
2012-09-12,6633.672
2012-09-13,13354.774499999998
2012-09-14,15244.375199999999
2012-09-15,9837.138959999997
2012-09-16,1262.479
2012-09-17,16867.14329999999
2012-09-18,17579.18578
2012-09-19,5124.172
2012-09-20,17701.159000000003
2012-09-21,14294.027240000005
2012-09-22,5308.278399999999
2012-09-23,414.0
2012-09-24,15315.283699999998
2012-09-25,9277.612899999991
2012-09-26,10443.353160000004
2012-09-27,11331.232199999997
2012-09-28,14806.431899999992
2012-09-29,7434.053300000001
2012-09-30,668.952
2012-10-01,14903.294900000003
2012-10-02,6724.599200000001
2012-10-03,9909.529000000004
2012-10-04,8740.8626
2012-10-05,16411.952780000003
2012-10-06,4668.3783
2012-10-07,96.0
2012-10-08,5035.730799999999
2012-10-09,8865.54108
2012-10-10,9466.34074
2012-10-11,11847.616500000004
2012-10-12,10974.385999999999
2012-10-13,6026.056
2012-10-14,98.44
2012-10-15,15018.713959999995
2012-10-16,4260.59174
2012-10-17,14582.229879999999
2012-10-18,5181.935999999998
2012-10-19,11176.505000000001
2012-10-20,4861.925000000001
2012-10-21,154.77
2012-10-22,6701.6292
2012-10-23,8751.591600000002
2012-10-24,11084.479440000006
2012-10-25,17693.519379999998
2012-10-26,5812.545000000001
2012-10-27,7347.957200000003
2012-10-28,272.54
2012-10-29,6812.009800000002
2012-10-30,12020.5466
2012-10-31,7437.6325000000015
2012-11-01,11949.447719999998
2012-11-02,18487.450140000008
2012-11-03,5840.65864
2012-11-04,820.52
2012-11-05,12281.228400000007
2012-11-06,5124.8281799999995
2012-11-07,10643.967739999993
2012-11-08,28561.160000000003
2012-11-09,12353.323099999996
2012-11-10,15566.359919999999
2012-11-11,1546.368
2012-11-12,11421.688999999997
2012-11-13,25621.95062000001
2012-11-14,10203.808380000008
2012-11-15,15137.6561
2012-11-16,16249.184700000003
2012-11-17,6542.948999999997
2012-11-18,178.2
2012-11-19,7551.507599999996
2012-11-20,16073.993499999997
2012-11-21,12834.003399999989
2012-11-22,7020.189999999999
2012-11-23,13101.757300000003
2012-11-24,7935.703999999999
2012-11-25,385.68399999999997
2012-11-26,6162.061999999998
2012-11-27,10679.320599999995
2012-11-28,13772.073460000001
2012-11-29,10128.225799999998
2012-11-30,9337.145600000002
2012-12-01,15573.4269
2012-12-02,282.348
2012-12-03,22906.4414
2012-12-04,16801.13678
2012-12-05,6986.344359999999
2012-12-06,11697.425000000001
2012-12-07,11723.746100000006
2012-12-08,4077.123999999999
2012-12-09,2455.9500000000003
2012-12-10,8745.131280000001
2012-12-11,12184.697300000005
2012-12-12,7409.139200000002
2012-12-13,16506.5184
2012-12-14,5520.3778
2012-12-15,11397.997999999996
2012-12-16,2137.68
2012-12-17,13440.208999999999
2012-12-18,7509.476999999998
2012-12-19,22433.197320000003
2012-12-20,20077.66394
2012-12-21,10490.678760000003
2012-12-22,5545.724999999999
2012-12-23,606.02
2012-12-24,15731.130840000002
2012-12-25,21570.603099999986
2012-12-26,16941.76952
2012-12-27,15327.653099999996
2012-12-28,14815.168299999998
2012-12-29,1870.5077999999999
2012-12-30,4823.094000000001
2012-12-31,10668.5844
2013-01-01,9369.152999999997
2013-01-02,11613.895600000002
2013-01-03,5790.968999999999
2013-01-04,16266.573439999998
2013-01-05,5795.9995
2013-01-06,98.96
2013-01-07,12466.376000000002
2013-01-08,6649.573
2013-01-09,4550.417999999998
2013-01-10,7617.942899999999
2013-01-11,4942.566499999999
2013-01-12,7543.6876
2013-01-13,46.11600000000001
2013-01-14,2583.105379999999
2013-01-15,7600.389999999999
2013-01-16,4987.917199999999
2013-01-17,3968.6695999999997
2013-01-18,7588.743160000001
2013-01-19,5773.738
2013-01-20,2252.5499999999997
2013-01-21,11124.019
2013-01-22,6085.718
2013-01-23,5145.695999999998
2013-01-24,2210.3428000000004
2013-01-25,8421.978999999998
2013-01-26,1176.5256000000002
2013-01-27,1290.4199999999998
2013-01-28,12537.848500000002
2013-01-29,9020.703
2013-01-30,6866.554399999998
2013-01-31,7798.757199999999
2013-02-01,3303.9615599999997
2013-02-02,11259.02264
2013-02-03,1204.71
2013-02-04,1414.6089999999997
2013-02-05,18217.846079999996
2013-02-06,8925.3719
2013-02-07,8287.904999999999
2013-02-08,9333.572100000001
2013-02-09,5124.833
2013-02-10,997.7189999999999
2013-02-11,8821.353620000002
2013-02-12,6532.916
2013-02-13,3511.6102000000005
2013-02-14,5786.874679999999
2013-02-15,3596.8350000000005
2013-02-16,3844.5270000000005
2013-02-17,0.0
2013-02-18,12446.433999999997
2013-02-19,7327.424499999999
2013-02-20,4248.397999999999
2013-02-21,4173.246999999999
2013-02-22,8363.589999999998
2013-02-23,1928.082
2013-02-24,0.0
2013-02-25,5845.52872
2013-02-26,5315.825000000001
2013-02-27,15505.161399999995
2013-02-28,1922.2929999999992
2013-03-01,6597.06804
2013-03-02,7286.518
2013-03-03,444.89579999999995
2013-03-04,15417.512000000006
2013-03-05,8917.342679999998
2013-03-06,6954.350320000001
2013-03-07,3656.2319
2013-03-08,9786.366999999998
2013-03-09,2424.0645600000007
2013-03-10,635.6000000000001
2013-03-11,18502.21736
2013-03-12,5184.498
2013-03-13,11326.879499999997
2013-03-14,11487.989
2013-03-15,6026.352079999999
2013-03-16,3828.159999999999
2013-03-17,35.34
2013-03-18,7049.698559999998
2013-03-19,8508.078699999998
2013-03-20,8830.2609
2013-03-21,4664.941240000001
2013-03-22,2700.9166999999993
2013-03-23,9343.8875
2013-03-24,193.24
2013-03-25,6929.899699999997
2013-03-26,3764.6950999999985
2013-03-27,8676.109380000004
2013-03-28,3555.3725999999997
2013-03-29,10828.672000000002
2013-03-30,4669.2935
2013-03-31,367.57800000000003
2013-04-01,5679.585000000001
2013-04-02,10219.964500000006
2013-04-03,5294.401599999998
2013-04-04,3970.898999999999
2013-04-05,8882.754500000001
2013-04-06,3030.1485000000002
2013-04-07,2496.13
2013-04-08,7426.455900000002
2013-04-09,10098.59432
2013-04-10,6461.464800000001
2013-04-11,3486.196000000001
2013-04-12,8453.234599999998
2013-04-13,3538.9849999999997
2013-04-14,1176.06
2013-04-15,6550.781319999999
2013-04-16,7757.19348
2013-04-17,13408.670999999997
2013-04-18,7217.3340800000005
2013-04-19,5935.013400000002
2013-04-20,5387.88944
2013-04-21,0.0
2013-04-22,2692.2856000000006
2013-04-23,8133.4850400000005
2013-04-24,3658.2199999999993
2013-04-25,9208.558019999999
2013-04-26,10916.00614
2013-04-27,2222.7059999999997
2013-04-28,0.0
2013-04-29,3897.4986999999996
2013-04-30,10620.800900000002
2013-05-01,11486.838800000007
2013-05-02,1993.9131000000002
2013-05-03,10906.305900000003
2013-05-04,7506.0037
2013-05-05,1605.42
2013-05-06,6345.9162
2013-05-07,9004.901300000001
2013-05-08,11563.109500000002
2013-05-09,6235.918699999998
2013-05-10,8156.049999999999
2013-05-11,6436.862
2013-05-12,436.83400000000006
2013-05-13,3520.26
2013-05-14,10354.084859999997
2013-05-15,8747.565599999996
2013-05-16,14928.276199999995
2013-05-17,8981.656839999994
2013-05-18,2135.1778400000003
2013-05-19,832.8
2013-05-20,4217.01962
2013-05-21,10407.966
2013-05-22,9609.7165
2013-05-23,4886.855860000001
2013-05-24,22700.503440000008
2013-05-25,3839.104699999999
2013-05-26,1364.8899999999999
2013-05-27,11794.5539
2013-05-28,17001.1588
2013-05-29,14578.937239999994
2013-05-30,12983.551100000004
2013-05-31,15936.412999999999
2013-06-01,8286.255000000001
2013-06-02,1710.8220000000001
2013-06-03,11974.78
2013-06-04,18446.546739999994
2013-06-05,19053.699799999988
2013-06-06,10820.213800000001
2013-06-07,20571.803359999984
2013-06-08,8766.297299999998
2013-06-09,449.66999999999996
2013-06-10,21924.19572
2013-06-11,23931.948080000006
2013-06-12,15274.136059999997
2013-06-13,18579.194900000013
2013-06-14,17450.4206
2013-06-15,13960.015720000001
2013-06-16,1241.248
2013-06-17,20476.839400000008
2013-06-18,20791.189599999994
2013-06-19,10296.512599999998
2013-06-20,10392.928300000001
2013-06-21,11388.293080000007
2013-06-22,3666.7079999999987
2013-06-23,2961.438
2013-06-24,24123.81282000001
2013-06-25,22756.93159999999
2013-06-26,12466.333999999999
2013-06-27,17975.078660000003
2013-06-28,16550.221759999997
2013-06-29,5627.047000000001
2013-06-30,4605.03
2013-07-01,9508.078880000003
2013-07-02,10953.626640000002
2013-07-03,9431.70904
2013-07-04,6050.223199999999
2013-07-05,5129.539699999998
2013-07-06,5712.55404
2013-07-07,51.52
2013-07-08,16834.877999999997
2013-07-09,5904.4355000000005
2013-07-10,10176.856
2013-07-11,11002.644800000002
2013-07-12,10501.206719999996
2013-07-13,2029.7149999999997
2013-07-14,2441.02352
2013-07-15,10978.83828
2013-07-16,10726.377300000002
2013-07-17,5669.85686
2013-07-18,4888.334
2013-07-19,7928.499900000001
2013-07-20,7852.508
2013-07-21,89.95
2013-07-22,14716.443699999998
2013-07-23,8701.277919999997
2013-07-24,4495.121000000001
2013-07-25,15506.914899999998
2013-07-26,11296.750499999998
2013-07-27,977.52
2013-07-28,716.7330000000001
2013-07-29,7271.4761
2013-07-30,5760.466999999999
2013-07-31,6623.872499999999
2013-08-01,15739.888879999999
2013-08-02,9884.044219999996
2013-08-03,4220.289999999998
2013-08-04,3406.9703999999997
2013-08-05,6754.547699999999
2013-08-06,12377.636999999999
2013-08-07,12677.573440000007
2013-08-08,6508.446880000002
2013-08-09,9095.2398
2013-08-10,4810.347999999999
2013-08-11,943.506
2013-08-12,18109.25496
2013-08-13,15315.077499999994
2013-08-14,9339.940000000002
2013-08-15,18846.98
2013-08-16,19199.204720000012
2013-08-17,3204.735000000001
2013-08-18,24.072
2013-08-19,13954.554880000002
2013-08-20,11053.138000000003
2013-08-21,14644.505300000003
2013-08-22,20914.68119999999
2013-08-23,10338.436900000004
2013-08-24,15632.693300000003
2013-08-25,375.45599999999996
2013-08-26,9247.405000000002
2013-08-27,21351.468500000006
2013-08-28,11947.6502
2013-08-29,9017.61244
2013-08-30,8131.032639999998
2013-08-31,9422.398499999996
2013-09-01,365.30800000000005
2013-09-02,12374.247200000003
2013-09-03,22431.6059
2013-09-04,14181.086879999999
2013-09-05,17986.41249999999
2013-09-06,14405.467000000002
2013-09-07,2432.237
2013-09-08,1058.2104
2013-09-09,15472.044899999995
2013-09-10,16155.075859999995
2013-09-11,12800.840199999997
2013-09-12,17038.450500000003
2013-09-13,12952.544939999996
2013-09-14,20747.764000000003
2013-09-15,1840.9280000000003
2013-09-16,20816.33050000001
2013-09-17,16186.458299999998
2013-09-18,6126.710939999999
2013-09-19,21465.18070000002
2013-09-20,23853.26708000001
2013-09-21,14390.614519999996
2013-09-22,164.60999999999999
2013-09-23,4632.708000000001
2013-09-24,14077.279999999999
2013-09-25,18285.901599999997
2013-09-26,17363.495840000003
2013-09-27,11984.17129999999
2013-09-28,7035.8718
2013-09-29,997.918
2013-09-30,16996.50382
2013-10-01,7366.253
2013-10-02,11091.915760000004
2013-10-03,26325.297980000007
2013-10-04,12945.090399999997
2013-10-05,10810.083400000001
2013-10-06,72.9204
2013-10-07,7622.660460000002
2013-10-08,9901.5372
2013-10-09,14508.556299999998
2013-10-10,5394.941999999999
2013-10-11,11738.094899999995
2013-10-12,4575.070160000002
2013-10-13,1156.0
2013-10-14,9136.938999999997
2013-10-15,17727.941300000002
2013-10-16,14027.94621999999
2013-10-17,14107.5114
2013-10-18,12939.441299999999
2013-10-19,962.5680000000001
2013-10-20,412.188
2013-10-21,10370.951599999999
2013-10-22,14937.474920000002
2013-10-23,15583.325
2013-10-24,3728.86576
2013-10-25,7382.3006
2013-10-26,2369.88172
2013-10-27,1590.264
2013-10-28,8588.956
2013-10-29,12815.108459999998
2013-10-30,13942.415199999992
2013-10-31,9274.14244
2013-11-01,20912.127819999998
2013-11-02,3214.9610000000007
2013-11-03,0.0
2013-11-04,13808.271140000003
2013-11-05,15754.073999999995
2013-11-06,16328.256900000002
2013-11-07,8291.361699999996
2013-11-08,13703.437800000003
2013-11-09,10233.151919999998
2013-11-10,479.97
2013-11-11,19648.519099999994
2013-11-12,8931.848099999997
2013-11-13,19744.77918000001
2013-11-14,10062.8955
2013-11-15,20263.876500000002
2013-11-16,7730.995000000001
2013-11-17,3740.2960000000003
2013-11-18,12479.184300000004
2013-11-19,24523.33794000001
2013-11-20,5286.265900000001
2013-11-21,9791.073
2013-11-22,15233.321819999994
2013-11-23,6812.497999999999
2013-11-24,3372.64564
2013-11-25,16204.896119999998
2013-11-26,20902.22929999999
2013-11-27,14318.572999999995
2013-11-28,29925.34976000002
2013-11-29,15182.302559999998
2013-11-30,7108.861100000002
2013-12-01,1364.885
2013-12-02,15644.010999999999
2013-12-03,19735.464999999997
2013-12-04,17446.074419999994
2013-12-05,6781.752000000003
2013-12-06,20781.3036
2013-12-07,7412.276999999999
2013-12-08,383.68000000000006
2013-12-09,12882.084100000004
2013-12-10,16257.490500000002
2013-12-11,18101.083300000002
2013-12-12,18001.20683999999
2013-12-13,9430.059500000001
2013-12-14,4576.245919999999
2013-12-15,1385.358
2013-12-16,23018.652799999993
2013-12-17,13433.86052
2013-12-18,33934.38259999998
2013-12-19,15151.203000000001
2013-12-20,22227.353480000005
2013-12-21,3501.239000000001
2013-12-22,2333.24
2013-12-23,15337.141099999997
2013-12-24,15831.489899999997
2013-12-25,11340.687999999996
2013-12-26,36435.14374000001
2013-12-27,10278.310499999994
2013-12-28,3553.0362999999998
2013-12-29,426.56000000000006
2013-12-30,14292.379999999997
2013-12-31,14176.720899999998
2014-01-01,3614.0345
2014-01-02,4169.516139999999
2014-01-03,11327.622
2014-01-04,4705.2737
2014-01-05,426.65999999999997
2014-01-06,10840.652499999998
2014-01-07,6201.1715
2014-01-08,13412.551000000007
2014-01-09,9742.348999999998
2014-01-10,4202.1201
2014-01-11,4428.555
2014-01-12,74.376
2014-01-13,5358.2829999999985
2014-01-14,17297.800000000007
2014-01-15,6001.588300000001
2014-01-16,11339.187339999997
2014-01-17,14419.376999999995
2014-01-18,9690.958999999997
2014-01-19,194.04
2014-01-20,11621.876700000003
2014-01-21,8760.212280000003
2014-01-22,12946.099099999998
2014-01-23,6711.383000000001
2014-01-24,9327.464000000002
2014-01-25,7099.290999999998
2014-01-26,2073.1634999999997
2014-01-27,5229.794400000001
2014-01-28,8557.403799999998
2014-01-29,11461.767000000002
2014-01-30,7594.134
2014-01-31,12439.850799999993
2014-02-01,866.496
2014-02-02,0.0
2014-02-03,4501.090500000001
2014-02-04,8190.8021
2014-02-05,6322.964999999998
2014-02-06,7087.843800000001
2014-02-07,11013.111
2014-02-08,2330.52
2014-02-09,127.89
2014-02-10,11901.246899999996
2014-02-11,12390.488999999998
2014-02-12,11209.1396
2014-02-13,9613.099700000004
2014-02-14,11483.1528
2014-02-15,2606.401
2014-02-16,412.38
2014-02-17,10506.711000000007
2014-02-18,9960.888500000001
2014-02-19,6749.055399999998
2014-02-20,6909.838999999998
2014-02-21,8022.325899999999
2014-02-22,2684.9399999999996
2014-02-23,753.711
2014-02-24,8064.3712000000005
2014-02-25,6739.635000000002
2014-02-26,4574.098799999999
2014-02-27,10045.579
2014-02-28,9769.573359999997
2014-03-01,2913.32268
2014-03-02,613.0529999999999
2014-03-03,4703.6428000000005
2014-03-04,11929.406199999987
2014-03-05,6783.226999999999
2014-03-06,7211.671000000001
2014-03-07,4784.565
2014-03-08,3177.4059999999995
2014-03-09,882.46
2014-03-10,5362.436799999998
2014-03-11,12587.337999999996
2014-03-12,9031.696199999998
2014-03-13,6264.614999999999
2014-03-14,14090.967500000002
2014-03-15,9022.7951
2014-03-16,68.824
2014-03-17,20497.380439999997
2014-03-18,11182.054879999998
2014-03-19,12634.700999999997
2014-03-20,9521.113999999998
2014-03-21,9052.518
2014-03-22,8990.948999999999
2014-03-23,240.45
2014-03-24,23864.24449999999
2014-03-25,8008.523799999999
2014-03-26,17628.177759999995
2014-03-27,15203.494639999995
2014-03-28,10960.880320000002
2014-03-29,1731.742
2014-03-30,251.86
2014-03-31,13905.256000000005
2014-04-01,12109.781300000004
2014-04-02,14932.880220000005
2014-04-03,9184.257700000002
2014-04-04,2807.2174
2014-04-05,1767.8155999999997
2014-04-06,1151.547
2014-04-07,11079.149300000001
2014-04-08,7562.371499999999
2014-04-09,16025.2166
2014-04-10,8510.58544
2014-04-11,8917.334079999999
2014-04-12,5151.339000000001
2014-04-13,1890.0720000000001
2014-04-14,12465.567000000005
2014-04-15,11623.83186
2014-04-16,15246.712540000002
2014-04-17,11517.072500000002
2014-04-18,8721.176600000004
2014-04-19,1880.865
2014-04-20,1073.979
2014-04-21,13644.6222
2014-04-22,7244.557000000002
2014-04-23,7784.1709200000005
2014-04-24,10634.0821
2014-04-25,5870.732
2014-04-26,5624.4664999999995
2014-04-27,1084.3236
2014-04-28,13019.033599999999
2014-04-29,4531.0222
2014-04-30,9716.079539999999
2014-05-01,10075.2904
2014-05-02,10095.551199999998
2014-05-03,2956.367
2014-05-04,2777.3979999999997
2014-05-05,7532.741999999998
2014-05-06,3321.7976999999996
2014-05-07,14736.6462
2014-05-08,22267.379499999995
2014-05-09,14904.578999999994
2014-05-10,8213.044759999997
2014-05-11,808.322
2014-05-12,6460.4826
2014-05-13,7718.0362000000005
2014-05-14,4904.3119
2014-05-15,14365.104000000001
2014-05-16,21188.90412
2014-05-17,6513.589499999999
2014-05-18,160.736
2014-05-19,16817.5266
2014-05-20,12204.740839999997
2014-05-21,8808.348799999996
2014-05-22,8316.259
2014-05-23,8352.0368
2014-05-24,8062.777699999998
2014-05-25,1212.5688000000002
2014-05-26,10350.4676
2014-05-27,13568.354519999999
2014-05-28,12134.910300000001
2014-05-29,16614.257999999998
2014-05-30,6477.1894999999995
2014-05-31,6481.3256
2014-06-01,2039.844
2014-06-02,15738.014899999998
2014-06-03,17697.93048
2014-06-04,17543.372639999994
2014-06-05,11191.208080000002
2014-06-06,14222.066359999995
2014-06-07,4525.761160000002
2014-06-08,2846.6699999999987
2014-06-09,20002.271460000004
2014-06-10,18326.51064
2014-06-11,17144.681559999997
2014-06-12,11547.570960000005
2014-06-13,12595.6398
2014-06-14,7436.2755
2014-06-15,1382.532
2014-06-16,17988.198599999996
2014-06-17,19974.100560000014
2014-06-18,32197.376040000017
2014-06-19,12526.266019999997
2014-06-20,12022.670999999998
2014-06-21,6228.621200000001
2014-06-22,1218.6009000000001
2014-06-23,16701.288619999996
2014-06-24,27468.73763999999
2014-06-25,13231.435000000005
2014-06-26,21339.980319999995
2014-06-27,17892.87128
2014-06-28,6938.569
2014-06-29,2437.8300000000004
2014-06-30,19407.167379999988
2014-07-01,8456.244999999999
2014-07-02,11007.220000000001
2014-07-03,8742.406080000002
2014-07-04,17291.877699999994
2014-07-05,10303.694
2014-07-06,652.2800000000001
2014-07-07,7773.595080000001
2014-07-08,4797.914999999999
2014-07-09,15173.261639999997
2014-07-10,9793.106000000003
2014-07-11,8423.758939999996
2014-07-12,8354.7919
2014-07-13,213.528
2014-07-14,9468.3334
2014-07-15,7418.244500000002
2014-07-16,9491.332979999992
2014-07-17,11801.931999999997
2014-07-18,6535.983000000002
2014-07-19,7835.41144
2014-07-20,0.0
2014-07-21,12391.463739999992
2014-07-22,12723.114319999999
2014-07-23,4115.883000000001
2014-07-24,7808.156999999999
2014-07-25,6340.438400000001
2014-07-26,6679.559699999999
2014-07-27,3904.6324999999997
2014-07-28,8970.949419999999
2014-07-29,11164.4213
2014-07-30,12999.092439999999
2014-07-31,8073.051999999998
2014-08-01,13110.543400000004
2014-08-02,19434.857000000004
2014-08-03,1581.0614999999998
2014-08-04,21527.227100000007
2014-08-05,13400.403400000003
2014-08-06,19847.428760000006
2014-08-07,23214.350759999998
2014-08-08,17935.557999999997
2014-08-09,8220.350499999999
2014-08-10,0.0
2014-08-11,20214.394900000003
2014-08-12,14177.267739999998
2014-08-13,22487.845500000003
2014-08-14,18806.92429999999
2014-08-15,12693.382740000005
2014-08-16,15881.6061
2014-08-17,615.224
2014-08-18,20153.8113
2014-08-19,17608.52444
2014-08-20,25234.65529999999
2014-08-21,12040.448299999995
2014-08-22,28177.656499999997
2014-08-23,9433.456699999999
2014-08-24,5495.804
2014-08-25,11276.6997
2014-08-26,18164.348699999988
2014-08-27,8966.794059999998
2014-08-28,22058.432599999996
2014-08-29,28418.935760000004
2014-08-30,5979.739299999999
2014-08-31,462.21
2014-09-01,16767.343
2014-09-02,16641.96224
2014-09-03,27844.18495999999
2014-09-04,19503.059
2014-09-05,19645.259579999984
2014-09-06,12910.193799999997
2014-09-07,630.36
2014-09-08,27668.911000000015
2014-09-09,10259.918779999993
2014-09-10,8982.8825
2014-09-11,22511.703900000004
2014-09-12,23056.046640000008
2014-09-13,8900.313499999998
2014-09-14,604.3699999999999
2014-09-15,16199.989259999997
2014-09-16,22922.897299999982
2014-09-17,22945.900419999998
2014-09-18,29838.065479999997
2014-09-19,17151.95702
2014-09-20,6013.832999999996
2014-09-21,8200.497000000001
2014-09-22,10645.031599999998
2014-09-23,23876.49318
2014-09-24,13629.542619999998
2014-09-25,21492.49492000001
2014-09-26,26791.06308
2014-09-27,8142.87066
2014-09-28,5995.96164
2014-09-29,17931.8976
2014-09-30,13452.240020000003
2014-10-01,7427.7711
2014-10-02,21532.282499999998
2014-10-03,22240.578199999985
2014-10-04,8752.066419999997
2014-10-05,1601.3229999999999
2014-10-06,22333.481199999987
2014-10-07,18471.695559999996
2014-10-08,10372.342599999996
2014-10-09,13440.887760000003
2014-10-10,11760.007959999999
2014-10-11,6575.4189000000015
2014-10-12,3783.4869999999996
2014-10-13,30242.16620000001
2014-10-14,17237.640359999994
2014-10-15,8445.633100000001
2014-10-16,9612.996279999994
2014-10-17,29929.68797999999
2014-10-18,4896.627900000002
2014-10-19,2605.719600000001
2014-10-20,14932.046000000004
2014-10-21,11263.772360000004
2014-10-22,16067.356700000002
2014-10-23,24770.414
2014-10-24,19624.697580000004
2014-10-25,6714.714199999999
2014-10-26,0.0
2014-10-27,11054.28782
2014-10-28,22230.4128
2014-10-29,15127.462899999997
2014-10-30,10448.811740000001
2014-10-31,19270.839439999992
2014-11-01,5190.376
2014-11-02,3889.0499999999997
2014-11-03,17834.445799999987
2014-11-04,19814.964000000007
2014-11-05,24506.74759999998
2014-11-06,18726.601999999988
2014-11-07,23916.908639999998
2014-11-08,17783.057439999993
2014-11-09,1313.5
2014-11-10,19583.512940000004
2014-11-11,21691.461499999994
2014-11-12,26974.00247999999
2014-11-13,19990.889419999992
2014-11-14,23388.185719999998
2014-11-15,5816.3859999999995
2014-11-16,5086.306
2014-11-17,22349.194759999984
2014-11-18,39536.13199999999
2014-11-19,23160.074199999995
2014-11-20,31408.04729999999
2014-11-21,26292.2328
2014-11-22,17026.27624
2014-11-23,3145.6999999999994
2014-11-24,16060.446100000001
2014-11-25,25099.328000000005
2014-11-26,28477.40124
2014-11-27,26091.91439999999
2014-11-28,24443.46442
2014-11-29,14512.760999999997
2014-11-30,2169.659
2014-12-01,17570.800799999997
2014-12-02,17209.15599999999
2014-12-03,25986.833720000006
2014-12-04,23717.509580000005
2014-12-05,17065.344999999998
2014-12-06,5283.508000000001
2014-12-07,4389.329920000001
2014-12-08,18619.8606
2014-12-09,20608.602799999997
2014-12-10,25548.673999999995
2014-12-11,19206.875179999995
2014-12-12,12083.518900000001
2014-12-13,16622.140259999996
2014-12-14,1309.2640000000001
2014-12-15,21374.216000000004
2014-12-16,11568.212899999997
2014-12-17,16429.1869
2014-12-18,16123.570000000002
2014-12-19,25753.190099999993
2014-12-20,7806.260200000001
2014-12-21,395.4959999999999
2014-12-22,10355.854999999998
2014-12-23,28096.037500000002
2014-12-24,20479.914700000005
2014-12-25,22701.695379999994
2014-12-26,26571.34439999999
2014-12-27,13421.263759999993
2014-12-28,1647.174
2014-12-29,25109.288779999995
2014-12-30,16831.614799999996
2014-12-31,13257.9543
