Order Date,Sales,Profit
2011-01-01,808.563,198.873
2011-01-02,314.22,3.12
2011-01-03,4503.537200000001,184.59719999999993
2011-01-04,2808.8702400000006,635.12344
2011-01-05,3662.3100000000004,1053.3699000000001
2011-01-06,622.5381,86.12610000000001
2011-01-07,7123.0185,1541.1409
2011-01-08,6293.260000000001,-630.6501000000002
2011-01-09,813.7494,-117.63059999999999
2011-01-10,6794.181159999998,1443.9951600000002
2011-01-11,6451.2517000000025,-358.3346
2011-01-12,2629.71652,438.46792
2011-01-13,2584.5950000000003,526.6750000000001
2011-01-14,6280.447500000001,880.3011000000001
2011-01-15,2279.5305999999996,-134.525
2011-01-16,149.95,65.97800000000001
2011-01-17,2309.5292400000003,379.6917400000001
2011-01-18,932.763,164.283
2011-01-19,2054.6910000000003,352.9034
2011-01-20,2289.2410000000004,114.92940000000002
2011-01-21,8485.357599999998,1307.7870999999998
2011-01-22,3564.1245000000004,581.7893
2011-01-23,2163.4300000000003,635.2499999999999
2011-01-24,3984.3813000000005,620.9996999999998
2011-01-25,1191.6220000000003,8.552000000000007
2011-01-26,5422.6763999999985,-1602.1836000000003
2011-01-27,2165.3999,354.75690000000003
2011-01-28,1208.1219999999998,-0.025300000000001988
2011-01-29,909.94,-1041.6323
2011-01-30,454.88700000000006,-561.273
2011-01-31,7642.584999999998,1189.3451999999995
2011-02-01,2455.67,603.4736
2011-02-02,7712.676300000001,356.7123000000001
2011-02-03,366.64400000000006,-67.31949999999999
2011-02-04,1866.7819999999995,239.37139999999997
2011-02-05,221.396,-28.674800000000005
2011-02-06,2.688,-2.352
2011-02-07,1799.1848,201.12610000000006
2011-02-08,1007.8199999999999,323.7188
2011-02-09,4575.807360000001,238.44015999999993
2011-02-10,11865.386000000002,3824.6960000000004
2011-02-11,1007.4273599999999,-398.08264
2011-02-12,2870.7999999999997,661.3884999999999
2011-02-13,129.56799999999998,-24.294
2011-02-14,4603.894,1323.854
2011-02-15,10346.900999999998,-24.4086
2011-02-16,9333.6093,2912.5982999999997
2011-02-17,630.9812000000002,78.45320000000001
2011-02-18,2301.124,93.32479999999998
2011-02-19,156.134,22.7832
2011-02-21,4485.642999999999,-379.75579999999997
2011-02-22,2646.1440000000002,194.5965
2011-02-23,4353.976,744.8471999999999
2011-02-24,5868.44554,658.5290399999998
2011-02-25,3393.51712,1094.03442
2011-02-26,4106.661000000001,393.8009999999999
2011-02-27,624.96,93.6
2011-02-28,2418.3169999999996,-716.5542
2011-03-01,12565.766300000001,1905.1539
2011-03-02,4148.3728,569.3500000000001
2011-03-03,9479.9366,-240.92430000000007
2011-03-04,1243.0729999999999,-57.79119999999998
2011-03-05,834.1659999999999,252.69410000000002
2011-03-06,135.08,30.68
2011-03-07,3863.3620000000005,293.99389999999994
2011-03-08,9871.403600000001,1744.5935999999997
2011-03-09,722.766,187.086
2011-03-10,4109.667999999999,713.9106
2011-03-11,2933.80812,728.0451199999998
2011-03-12,4636.7480000000005,1838.528
2011-03-14,6627.33,1974.0223999999998
2011-03-15,1824.6240000000005,377.3799999999999
2011-03-16,1160.8820000000003,5.597000000000018
2011-03-17,4614.012999999999,-602.3421999999998
2011-03-18,30117.546200000004,-733.0987000000006
2011-03-19,971.4619999999999,-266.52470000000005
2011-03-21,10681.922139999999,2120.339639999998
2011-03-22,3879.7969999999996,736.4395000000002
2011-03-23,5070.3631000000005,515.3115000000001
2011-03-24,1363.384,189.11979999999997
2011-03-25,3267.1712599999996,742.5436599999998
2011-03-26,856.4449999999999,185.5208
2011-03-27,29.814,5.694
2011-03-28,4261.49644,469.11704
2011-03-29,2950.3782,17.101599999999983
2011-03-30,5760.512600000001,278.3134999999999
2011-03-31,7748.075999999999,1323.7136999999998
2011-04-01,2582.8010000000013,-308.78740000000005
2011-04-02,8922.054,1721.4821999999995
2011-04-03,879.2599999999999,209.7144
2011-04-04,5723.199479999998,1274.44758
2011-04-05,10266.554299999996,1179.2606999999998
2011-04-06,4672.516,382.75120000000004
2011-04-07,3439.49,900.216
2011-04-08,6800.4259999999995,969.0341000000001
2011-04-09,367.365,-215.535
2011-04-11,4548.4736,874.4365
2011-04-12,4013.3250000000003,434.7901
2011-04-13,3053.3892000000014,106.40900000000002
2011-04-14,6250.893999999999,1675.3539999999996
2011-04-15,1727.692,384.222
2011-04-16,4039.898000000001,536.854
2011-04-18,5905.0504999999985,100.19590000000002
2011-04-19,2861.8180000000007,-50.72559999999997
2011-04-20,4136.99,65.11720000000003
2011-04-21,4701.6900000000005,-448.9545
2011-04-22,7061.9661,442.231
2011-04-23,772.1399999999999,12.374700000000002
2011-04-24,165.81599999999997,-79.044
2011-04-25,5028.6025,378.7555999999999
2011-04-26,2086.2285,-306.13450000000006
2011-04-27,8435.276999999998,1770.3969999999997
2011-04-28,3908.2380000000007,187.52920000000003
2011-04-29,3070.8260000000005,554.4534000000001
2011-04-30,1493.7840000000003,151.4796
2011-05-02,9275.206999999999,1622.6741999999995
2011-05-03,5259.2939,1117.5943
2011-05-04,7512.656700000002,1178.8870999999997
2011-05-05,2998.255,952.7110999999998
2011-05-06,5964.679679999998,1568.33948
2011-05-07,1983.5140000000006,354.85779999999994
2011-05-08,2501.4930000000004,-16.711000000000013
2011-05-09,5018.485739999998,-283.60066
2011-05-10,5825.5265,-10.836500000000019
2011-05-11,2821.097,-428.04379999999986
2011-05-12,5518.592000000001,-555.6894999999998
2011-05-13,6773.806000000002,962.0703000000004
2011-05-14,4542.15,570.576
2011-05-15,193.9275,72.9675
2011-05-16,1568.4530000000002,-49.197
2011-05-17,3523.5690000000004,-724.861
2011-05-18,9233.354399999998,-341.13759999999996
2011-05-19,3039.9052,291.03240000000005
2011-05-20,1291.3950000000002,100.07910000000001
2011-05-21,10643.691000000004,1853.5716999999997
2011-05-22,225.89,58.660999999999994
2011-05-23,6533.043999999999,163.18619999999996
2011-05-24,10474.021600000002,2079.1988
2011-05-25,3042.062,-680.2618
2011-05-26,5963.664999999998,663.1955999999999
2011-05-27,5867.767,-198.74619999999996
2011-05-28,2104.2679,186.84869999999998
2011-05-30,8638.323100000001,243.16590000000002
2011-05-31,8409.743879999996,1433.2965800000002
2011-06-01,11480.492699999997,2460.2536000000014
2011-06-02,12516.593299999999,1614.3061000000005
2011-06-03,11349.365000000003,2330.157599999999
2011-06-04,1924.0829999999996,-295.59220000000005
2011-06-05,1139.3400000000001,-306.28000000000003
2011-06-06,10266.100000000002,1677.4522999999992
2011-06-07,16750.669159999987,288.22056000000043
2011-06-08,9526.714600000005,1097.4156
2011-06-09,10247.062000000002,1285.3729000000003
2011-06-10,5473.2366,218.27609999999996
2011-06-11,3161.3019999999997,787.182
2011-06-12,37.464,-1.096
2011-06-13,6576.145760000002,424.3673600000001
2011-06-14,4947.343499999997,529.7073
2011-06-15,6110.875499999998,-1004.8594999999998
2011-06-16,4009.4889999999996,-279.2953999999999
2011-06-17,14495.522159999993,1257.23986
2011-06-18,5516.986000000003,1026.4784999999997
2011-06-19,57.9,8.1
2011-06-20,8528.583760000001,664.2047600000002
2011-06-21,8718.351000000004,1869.9601000000002
2011-06-22,19196.0446,2686.4013000000004
2011-06-23,3133.561,59.83529999999999
2011-06-24,5390.39244,745.5516399999999
2011-06-25,5901.028140000001,-528.18466
2011-06-26,1269.252,509.322
2011-06-27,6654.4935000000005,105.01870000000012
2011-06-28,7198.396799999999,876.4078
2011-06-29,8332.5323,2915.1998
2011-06-30,5298.060400000002,394.1235999999998
2011-07-01,3844.656000000001,-14.394800000000023
2011-07-02,388.955,-26.554200000000005
2011-07-04,1982.4308999999998,-59.842300000000016
2011-07-05,3723.7455,200.02510000000007
2011-07-06,3773.45656,720.1600600000002
2011-07-07,4855.945120000001,-628.1386799999999
2011-07-08,3385.2660000000005,-38.550000000000026
2011-07-09,2023.0790000000006,461.2258
2011-07-11,5228.10488,486.10868
2011-07-12,5227.161000000002,778.5233999999999
2011-07-13,1940.142,413.8962
2011-07-14,3035.1459999999993,64.64060000000002
2011-07-15,933.7475999999999,-448.1942
2011-07-16,3626.502000000001,661.722
2011-07-17,355.0,32.46
2011-07-18,5443.5756,614.2508
2011-07-19,4766.404799999999,1244.8150000000003
2011-07-20,7975.5875,-100.22040000000008
2011-07-21,6100.88292,9.566920000000053
2011-07-22,3074.46,479.2807999999997
2011-07-23,3859.005199999999,429.1856
2011-07-24,101.47999999999999,-21.400000000000002
2011-07-25,12335.771999999997,1204.8703999999998
2011-07-26,7916.3664,-3491.6585999999998
2011-07-27,9804.38074,1504.2329400000008
2011-07-28,3210.4893000000006,637.8256999999998
2011-07-29,1917.4847,-154.21530000000004
2011-07-30,4205.2388,550.1384
2011-07-31,475.9536,75.2436
2011-08-01,6769.121500000001,-1558.7914999999998
2011-08-02,5344.5065,-88.5559
2011-08-03,10667.976399999998,811.9675000000002
2011-08-04,13623.401499999989,2474.0404000000012
2011-08-05,5711.446399999998,908.0282999999998
2011-08-06,1072.5959999999998,256.6452
2011-08-07,37.86,11.34
2011-08-08,8099.0470000000005,2351.5521999999996
2011-08-09,13284.497999999998,2348.796800000001
2011-08-10,13151.891000000003,3693.7809999999995
2011-08-11,7410.920999999999,1652.6654
2011-08-12,8969.596899999997,1430.9599000000003
2011-08-13,2603.0519999999997,-104.23800000000001
2011-08-15,6933.397999999998,1208.4786000000001
2011-08-16,13436.168300000003,2494.7350999999994
2011-08-17,6625.603999999998,-511.2543999999999
2011-08-18,9052.81576,1290.45576
2011-08-19,10154.612999999998,2138.8089000000004
2011-08-20,3032.602,711.5105
2011-08-21,2995.5723,553.2123
2011-08-22,5180.476920000002,587.6916199999998
2011-08-23,3310.3500000000004,-64.53239999999995
2011-08-24,5164.883919999998,-305.4628799999999
2011-08-25,9633.2171,715.3094000000003
2011-08-26,8122.276199999999,866.8250999999999
2011-08-27,5397.358,352.50030000000004
2011-08-29,7613.0608200000015,-589.95118
2011-08-30,8905.7286,1703.5135999999998
2011-08-31,5277.4520999999995,-1626.3639
2011-09-01,7250.914,1180.5382000000002
2011-09-02,14364.146799999995,2325.0180000000005
2011-09-03,813.54,-75.23400000000001
2011-09-05,4149.8752,134.97420000000005
2011-09-06,10296.679359999998,1757.94016
2011-09-07,6333.653000000002,70.8517000000001
2011-09-08,36827.74592,2439.7602199999988
2011-09-09,11577.035680000005,1841.78928
2011-09-10,3268.4308,675.0536
2011-09-11,1367.97,520.7115
2011-09-12,14077.432679999998,815.10628
2011-09-13,6391.792999999998,693.1686999999998
2011-09-14,17720.99817999999,3098.41208
2011-09-15,10736.176599999999,1197.6027999999997
2011-09-16,5407.080900000001,1330.6309
2011-09-17,2466.3349999999996,625.3707
2011-09-18,750.24,200.39999999999998
2011-09-19,16203.337359999998,-407.8637399999996
2011-09-20,13651.333399999998,1931.9768000000001
2011-09-21,9810.803199999997,541.2668999999997
2011-09-22,9066.5295,2048.0292
2011-09-23,23866.898999999994,7562.849499999998
2011-09-24,4393.344,691.6324000000002
2011-09-25,6371.580800000001,-397.1774
2011-09-26,8477.01134,1025.1639400000004
2011-09-27,15354.154880000006,1364.62128
2011-09-28,11437.54183999999,2344.1884400000004
2011-09-29,11746.71,1841.5509
2011-09-30,6035.162899999999,-1601.4486000000004
2011-10-01,1624.2071200000003,448.17712000000006
2011-10-02,598.144,133.7632
2011-10-03,8662.521279999999,1980.5803799999987
2011-10-04,8180.71572,-255.82138000000006
2011-10-05,2596.1845000000008,360.64750000000004
2011-10-06,17181.1931,4440.5326000000005
2011-10-07,11291.249920000002,321.3859199999999
2011-10-08,3840.9008000000003,855.3306
2011-10-09,249.35999999999999,70.0043
2011-10-10,7857.714799999999,668.2814000000001
2011-10-11,2025.2895000000003,118.19930000000001
2011-10-12,4656.311999999998,410.35910000000007
2011-10-13,9798.957979999997,453.2692799999998
2011-10-14,14453.231100000005,1599.8562999999995
2011-10-15,8231.756720000003,1128.9406199999999
2011-10-16,1364.09648,304.10328
2011-10-17,5983.018659999999,571.13266
2011-10-18,8290.87736,1565.9115600000007
2011-10-19,8883.0806,24.49429999999998
2011-10-20,7524.298500000001,745.8107000000003
2011-10-21,7271.477400000001,910.1377000000002
2011-10-22,4953.815999999999,1365.3812000000003
2011-10-24,4550.6770000000015,898.0562000000002
2011-10-25,4802.985000000001,-214.30790000000005
2011-10-26,8069.422899999999,606.8349
2011-10-27,17289.68589999999,4947.438500000001
2011-10-28,5778.581699999998,382.9579000000001
2011-10-29,5022.808,537.7946
2011-10-30,133.26,37.56
2011-10-31,7905.4400000000005,546.6065000000001
2011-11-01,18667.51056000001,2082.71466
2011-11-02,8691.009000000004,1217.1044000000004
2011-11-03,19275.087599999995,385.03329999999994
2011-11-04,18652.757999999994,2720.7120000000004
2011-11-05,10385.699799999999,2183.924200000001
2011-11-06,1555.6215,448.58790000000005
2011-11-07,13232.5699,2237.6441999999997
2011-11-08,4292.2318000000005,819.7539999999998
2011-11-09,12155.4545,857.4291000000004
2011-11-10,10174.022,2473.9091000000008
2011-11-11,24402.39877999999,2966.7696799999994
2011-11-12,4232.559199999999,275.1020000000001
2011-11-13,345.76,35.94
2011-11-14,12537.595800000006,2331.3426000000004
2011-11-15,10494.6696,-554.2542999999997
2011-11-16,8008.893200000001,1184.1229000000003
2011-11-17,14062.808200000001,2208.6788
2011-11-18,13514.934399999996,5.356699999999885
2011-11-19,9876.243999999999,1744.7262
2011-11-20,975.0,263.392
2011-11-21,5411.863999999997,538.9519
2011-11-22,9528.561679999999,1632.9657799999998
2011-11-23,8510.63296,898.5245600000002
2011-11-24,10785.4121,199.28869999999995
2011-11-25,18118.762319999998,1876.2945199999997
2011-11-26,6403.179999999999,646.8188
2011-11-27,302.75,24.015999999999995
2011-11-28,9289.640720000005,-500.3260799999999
2011-11-29,8444.322400000003,1780.3056000000004
2011-11-30,6168.5835,-275.65150000000006
2011-12-01,14118.325200000005,2616.4200000000005
2011-12-02,7294.1810000000005,1675.0079
2011-12-03,9013.214799999996,2194.9451999999997
2011-12-04,615.2,71.4204
2011-12-05,10388.71264,1203.13144
2011-12-06,12460.333499999999,2306.4365000000003
2011-12-07,10246.562,1332.7652
2011-12-08,13338.557499999999,314.1847999999999
2011-12-09,14316.202399999998,1549.5017000000003
2011-12-10,5847.550300000001,632.4969000000001
2011-12-11,796.6350400000001,271.25504
2011-12-12,10224.353579999997,815.6682800000005
2011-12-13,14356.21064,-781.9199599999998
2011-12-14,14350.154099999994,2889.5676000000003
2011-12-15,15078.047999999999,1784.6499999999999
2011-12-16,14190.514399999995,1569.6297999999997
2011-12-17,13732.139399999995,2125.6178
2011-12-19,10801.104360000001,1066.7012599999998
2011-12-20,21881.9314,4365.551600000002
2011-12-21,13003.040239999997,238.60503999999997
2011-12-22,12810.891299999997,1104.9443999999996
2011-12-23,10609.91348,536.5948800000002
2011-12-24,9788.526,2136.492
2011-12-25,539.2235,25.113500000000002
2011-12-26,14832.921500000004,2710.1701
2011-12-27,15140.172699999997,1130.1496000000002
2011-12-28,18801.06272,313.83412000000004
2011-12-29,10904.202899999998,1813.2064
2011-12-30,6705.186999999999,858.5964000000001
2011-12-31,7740.6630000000005,1777.2461
2012-01-02,10006.664700000001,-203.72970000000004
2012-01-03,3453.3043,-289.1051
2012-01-04,2617.8439000000003,648.6963
2012-01-05,5662.2249999999985,1023.8015999999998
2012-01-06,544.5139999999999,129.42940000000002
2012-01-07,3699.814,42.934000000000026
2012-01-08,2176.452,64.00200000000001
2012-01-09,3598.2800000000007,105.45970000000003
2012-01-10,6298.249000000001,-793.5298
2012-01-11,8259.468,-181.21199999999993
2012-01-12,8385.098000000004,1300.6787999999997
2012-01-13,7106.169999999998,1512.6506000000006
2012-01-14,2041.0230000000001,394.953
2012-01-16,8370.401999999998,1537.2720000000002
2012-01-17,6562.912999999998,607.5796
2012-01-18,4541.032,281.27199999999993
2012-01-19,3370.9543999999996,-26.809799999999957
2012-01-20,3578.8797,290.3396999999999
2012-01-21,1382.5700000000002,365.03000000000003
2012-01-22,1493.13,438.18
2012-01-23,9669.3469,642.8974999999997
2012-01-24,3226.7200000000003,427.982
2012-01-25,3514.215,1024.7649999999999
2012-01-26,3413.5885,839.9397
2012-01-27,9422.532000000001,797.6168
2012-01-28,7629.489840000001,-1215.1365600000001
2012-01-29,876.6600000000001,238.98000000000002
2012-01-30,3633.518,310.5813
2012-01-31,1245.663,86.11960000000002
2012-02-01,1655.2548999999997,-94.9251
2012-02-02,11630.772,2826.2420000000006
2012-02-03,957.816,265.4617999999999
2012-02-04,4976.209239999999,535.8992399999998
2012-02-05,396.84,64.94999999999999
2012-02-06,8730.321,982.6142000000003
2012-02-07,4020.9500000000003,717.0709
2012-02-08,2318.80634,388.63094
2012-02-09,4527.562000000001,382.5964
2012-02-10,3683.7682999999993,517.5623
2012-02-11,203.928,23.988
2012-02-12,156.54,69.96
2012-02-13,4968.7555999999995,2.5956000000000636
2012-02-14,4814.3652,1204.6220999999996
2012-02-15,5439.310000000001,132.68559999999994
2012-02-16,1259.6345999999999,91.3491
2012-02-17,1518.394,-67.38600000000001
2012-02-18,5537.5228,1546.9329999999995
2012-02-19,175.8,79.08
2012-02-20,2677.5939999999996,475.4184
2012-02-21,4677.513000000002,1871.5593999999999
2012-02-22,2871.9580000000005,-790.6083999999997
2012-02-23,4379.1314999999995,1587.9891000000002
2012-02-24,3960.5175,660.2174999999999
2012-02-25,3307.15,785.646
2012-02-27,7574.4800000000005,456.08930000000004
2012-02-28,3048.8770000000004,187.56939999999994
2012-02-29,1040.446,96.2854
2012-03-01,3912.2845199999997,208.65891999999997
2012-03-02,10722.62,1034.5729000000001
2012-03-03,625.05,101.1
2012-03-05,8252.423999999999,486.6219999999998
2012-03-06,5920.861000000001,113.6388
2012-03-07,8466.048999999999,1941.5743000000004
2012-03-08,4857.2925,889.337
2012-03-09,3455.536760000001,-194.14934000000002
2012-03-10,1169.653,-648.1597999999999
2012-03-11,381.84,80.16
2012-03-12,4087.245100000001,-84.7229000000001
2012-03-13,4668.9124999999985,659.6809000000001
2012-03-14,5567.2049,-194.60290000000003
2012-03-15,7147.543199999999,-941.7552000000001
2012-03-16,13257.423599999996,3994.6344999999997
2012-03-17,538.5029999999999,140.08800000000002
2012-03-19,11459.725600000003,2562.9617999999996
2012-03-20,17842.293799999996,3594.8051999999993
2012-03-21,4297.802,844.7978999999999
2012-03-22,5868.942000000002,37.576100000000025
2012-03-23,3936.5047999999997,-1174.7744000000005
2012-03-24,1816.809,75.3296
2012-03-26,8993.665000000003,1776.8029999999999
2012-03-27,7167.214999999997,793.2129999999996
2012-03-28,4451.082799999998,-83.99880000000005
2012-03-29,7350.8679999999995,1230.9577999999995
2012-03-30,3309.6560799999997,516.4568799999998
2012-03-31,3551.764,232.1123
2012-04-01,510.8958,29.635800000000003
2012-04-02,4606.772000000001,789.0675000000001
2012-04-03,2207.698999999999,-297.65099999999984
2012-04-04,2904.1244800000004,655.32298
2012-04-05,9765.980480000002,-1329.0716199999997
2012-04-06,7148.481239999999,19.076840000000075
2012-04-07,6394.754000000001,8.088900000000024
2012-04-09,3254.5419999999995,213.72269999999992
2012-04-10,3481.707000000001,186.59130000000002
2012-04-11,5853.7588000000005,962.5097999999998
2012-04-12,3760.98448,818.0218800000001
2012-04-13,10056.3505,757.7642999999999
2012-04-14,9265.29444,1782.7870399999997
2012-04-15,493.05600000000004,52.55599999999999
2012-04-16,14554.123499999998,1821.9233000000004
2012-04-17,5026.786240000001,355.50914
2012-04-18,8079.101859999999,1055.73216
2012-04-19,7687.612259999998,158.92185999999998
2012-04-20,6559.79606,717.1407600000001
2012-04-21,1608.8660000000002,483.5688
2012-04-22,6675.234,1205.2823000000005
2012-04-23,2668.28288,470.71288000000004
2012-04-24,3334.9657999999986,120.22290000000005
2012-04-25,9519.889000000003,1309.2541999999999
2012-04-26,5788.4155,673.3303999999999
2012-04-27,6079.788240000001,1652.2987400000004
2012-04-28,7614.462959999999,1873.6280599999996
2012-04-29,427.68800000000005,110.47840000000002
2012-04-30,5722.857000000001,710.5408999999999
2012-05-01,3648.945400000002,472.7587999999998
2012-05-02,2318.8710000000005,224.2258
2012-05-03,5683.187059999998,894.76136
2012-05-04,10824.71712,1215.5473200000001
2012-05-05,1394.5904,36.0704
2012-05-06,1149.1086800000003,-23.571319999999993
2012-05-07,11200.05968,3077.386680000001
2012-05-08,10824.805,2165.280100000001
2012-05-09,6777.641000000003,1109.6379
2012-05-10,8658.902599999998,2414.2619999999997
2012-05-11,10523.359520000002,2210.62872
2012-05-12,3610.662,686.3359
2012-05-13,312.454,28.1288
2012-05-14,6948.144259999999,1313.8865599999992
2012-05-15,10569.810600000003,1734.2695999999999
2012-05-16,8159.349520000001,1055.0775199999998
2012-05-17,8386.744999999999,1132.0118
2012-05-18,5269.476,1238.5674000000001
2012-05-19,855.7050000000002,-429.615
2012-05-20,169.54399999999998,15.479199999999999
2012-05-21,6140.583299999998,1415.0689
2012-05-22,9831.9655,-113.15359999999987
2012-05-23,8572.9015,-436.9973000000001
2012-05-24,9347.2105,630.0015999999998
2012-05-25,12591.215000000002,2119.8813000000005
2012-05-26,2945.4518000000003,-148.7622
2012-05-27,11.448,-4.752
2012-05-28,9209.771499999993,2254.2049000000015
2012-05-29,9657.818000000001,3072.6611
2012-05-30,5710.869800000001,-292.725
2012-05-31,17059.578500000003,810.1465000000002
2012-06-01,9042.425499999998,-101.55389999999991
2012-06-02,6164.845399999998,830.8454
2012-06-03,178.146,56.736000000000004
2012-06-04,7132.722059999998,442.8404600000002
2012-06-05,11513.676099999995,3346.9720999999995
2012-06-06,8813.03,1729.4399999999998
2012-06-07,7109.713499999998,1160.2935
2012-06-08,9397.2354,49.274000000000036
2012-06-09,3934.544799999999,-15.544799999999919
2012-06-10,3240.8355,269.5555
2012-06-11,13400.625620000006,987.9012200000003
2012-06-12,11955.748,2991.6177999999986
2012-06-13,9580.443959999995,2409.950059999999
2012-06-14,6869.472,1498.7471999999993
2012-06-15,6557.094160000001,725.0658599999999
2012-06-16,13218.052499999996,3198.0810999999985
2012-06-17,1087.416,-159.60399999999998
2012-06-18,14119.349700000006,1677.2014999999997
2012-06-19,15135.083499999999,2061.974699999999
2012-06-20,13716.880999999996,1226.136
2012-06-21,11013.102199999998,1171.0978000000002
2012-06-22,11806.341599999998,2175.0973
2012-06-23,5459.079999999998,445.76120000000003
2012-06-24,331.57,23.340000000000003
2012-06-25,15915.407899999991,1653.2341999999994
2012-06-26,9251.331019999998,-30.922279999999954
2012-06-27,9843.515499999992,2459.455500000002
2012-06-28,4771.254000000002,438.7952000000001
2012-06-29,12080.776500000002,1366.2760000000007
2012-06-30,3535.9790000000003,319.0889999999999
2012-07-01,2542.08,639.72
2012-07-02,4707.287699999998,590.9312000000001
2012-07-03,6684.9445,599.6392000000001
2012-07-04,9367.306999999999,-549.4766
2012-07-05,3103.0605400000004,-227.06035999999992
2012-07-06,8492.151919999998,2099.5429200000003
2012-07-07,4382.909999999999,782.1100000000001
2012-07-08,33.984,10.104
2012-07-09,5109.273639999999,1268.9232400000003
2012-07-10,2585.2245000000007,79.13850000000002
2012-07-11,9034.242960000001,1708.25066
2012-07-12,5471.207999999999,715.7325
2012-07-13,8228.9015,911.9207000000001
2012-07-14,3906.4185,175.81249999999994
2012-07-15,26.892,11.052
2012-07-16,7015.931500000001,323.20099999999996
2012-07-17,4968.6812,975.3329999999999
2012-07-18,6272.59914,905.11424
2012-07-19,1634.973,154.72800000000004
2012-07-20,7687.441999999998,553.6322
2012-07-21,1752.60416,-865.02584
2012-07-23,8516.752000000002,2182.491
2012-07-24,5628.178460000001,633.6778600000001
2012-07-25,6362.431000000002,252.46810000000002
2012-07-26,4225.5466400000005,-87.55865999999997
2012-07-27,4140.50776,893.8974599999999
2012-07-28,1348.7609999999997,240.22100000000003
2012-07-29,42.82,7.0
2012-07-30,5247.402,98.4065999999999
2012-07-31,6716.2685,501.46199999999993
2012-08-01,12391.7964,2720.789600000002
2012-08-02,17671.647099999995,1893.2786000000006
2012-08-03,20849.176620000006,3091.51662
2012-08-04,1388.094,186.86400000000003
2012-08-05,2078.9690000000005,643.239
2012-08-06,7336.648980000001,1241.4292800000003
2012-08-07,9290.4067,1290.2340000000004
2012-08-08,8976.3498,2071.1422
2012-08-09,12666.19216,2825.34066
2012-08-10,15656.078600000004,3646.7813
2012-08-11,1506.948,-381.4295
2012-08-12,691.905,213.19499999999996
2012-08-13,5722.6392,774.7417000000002
2012-08-14,14003.467999999995,2936.4179999999997
2012-08-15,6844.231999999998,768.8532999999999
2012-08-16,16138.6797,2037.6397999999992
2012-08-17,9297.288999999997,936.9014
2012-08-18,6422.0311,944.3511000000002
2012-08-19,33.96,7.08
2012-08-20,17934.238800000006,3451.928799999999
2012-08-21,6849.497000000001,278.08920000000006
2012-08-22,9683.212500000003,-838.9539000000001
2012-08-23,10801.218999999996,-25.461700000000103
2012-08-24,19841.953799999992,2723.4472000000014
2012-08-25,2598.4365199999997,471.1149199999999
2012-08-26,2258.2039999999997,-615.5960000000001
2012-08-27,10458.086000000001,2448.467900000001
2012-08-28,16827.2455,2515.7416999999996
2012-08-29,15279.03,1791.7865999999995
2012-08-30,7040.724999999999,668.9350000000001
2012-08-31,14604.582900000003,2856.0128000000004
2012-09-01,5592.234000000001,1235.8627999999999
2012-09-02,2085.825,-122.65499999999999
2012-09-03,11086.860040000001,1420.9508400000004
2012-09-04,10733.8545,1184.6694999999997
2012-09-05,9362.82758,-1033.5818200000008
2012-09-06,15371.872880000003,2269.32148
2012-09-07,13642.546999999997,2955.037800000001
2012-09-08,2771.9910000000004,210.9054
2012-09-09,3305.814,109.72399999999999
2012-09-10,15473.230300000001,1031.6232999999995
2012-09-11,7064.7848,1260.2739000000004
2012-09-12,6633.672,1107.7756000000002
2012-09-13,13354.774499999998,1308.7546000000004
2012-09-14,15244.375199999999,1058.8987
2012-09-15,9837.138959999997,2050.60996
2012-09-16,1262.479,271.7954
2012-09-17,16867.14329999999,-1292.0958999999996
2012-09-18,17579.18578,1308.277980000001
2012-09-19,5124.172,851.8112000000002
2012-09-20,17701.159000000003,740.5251999999999
2012-09-21,14294.027240000005,1979.8614399999997
2012-09-22,5308.278399999999,-548.9721000000002
2012-09-23,414.0,45.52
2012-09-24,15315.283699999998,2645.944699999998
2012-09-25,9277.612899999991,885.2383999999998
2012-09-26,10443.353160000004,2206.702360000001
2012-09-27,11331.232199999997,2122.8952
2012-09-28,14806.431899999992,1361.0001000000002
2012-09-29,7434.053300000001,105.2533
2012-09-30,668.952,-955.748
2012-10-01,14903.294900000003,2238.0111000000006
2012-10-02,6724.599200000001,853.9708000000002
2012-10-03,9909.529000000004,694.6717999999997
2012-10-04,8740.8626,559.8076000000001
2012-10-05,16411.952780000003,3761.68798
2012-10-06,4668.3783,286.8183
2012-10-07,96.0,31.68
2012-10-08,5035.730799999999,-123.44369999999996
2012-10-09,8865.54108,1555.5301799999997
2012-10-10,9466.34074,-465.4608599999999
2012-10-11,11847.616500000004,-554.6570999999999
2012-10-12,10974.385999999999,2629.490800000001
2012-10-13,6026.056,1739.3214000000003
2012-10-14,98.44,-47.760000000000005
2012-10-15,15018.713959999995,398.85966
2012-10-16,4260.59174,622.3539400000001
2012-10-17,14582.229879999999,1643.2138800000005
2012-10-18,5181.935999999998,729.4706000000001
2012-10-19,11176.505000000001,1993.7267999999992
2012-10-20,4861.925000000001,-168.3295999999999
2012-10-21,154.77,27.72
2012-10-22,6701.6292,1457.3424
2012-10-23,8751.591600000002,1045.9896999999996
2012-10-24,11084.479440000006,1574.8890399999998
2012-10-25,17693.519379999998,2676.266480000001
2012-10-26,5812.545000000001,164.3258000000001
2012-10-27,7347.957200000003,719.3171999999998
2012-10-28,272.54,57.0292
2012-10-29,6812.009800000002,1050.0534
2012-10-30,12020.5466,1995.7054999999993
2012-10-31,7437.6325000000015,1515.2803999999996
2012-11-01,11949.447719999998,2647.2382200000006
2012-11-02,18487.450140000008,787.67944
2012-11-03,5840.65864,696.1098399999998
2012-11-04,820.52,121.33
2012-11-05,12281.228400000007,-1300.5025999999998
2012-11-06,5124.8281799999995,448.31437999999997
2012-11-07,10643.967739999993,93.79793999999974
2012-11-08,28561.160000000003,6573.089700000004
2012-11-09,12353.323099999996,1891.3820000000005
2012-11-10,15566.359919999999,1451.0309199999997
2012-11-11,1546.368,-32.53960000000001
2012-11-12,11421.688999999997,114.60949999999991
2012-11-13,25621.95062000001,2255.0785199999996
2012-11-14,10203.808380000008,1289.2674800000002
2012-11-15,15137.6561,1176.6907999999992
2012-11-16,16249.184700000003,-1124.8946999999994
2012-11-17,6542.948999999997,733.2837
2012-11-18,178.2,-29.759999999999998
2012-11-19,7551.507599999996,995.0532000000004
2012-11-20,16073.993499999997,2508.453100000001
2012-11-21,12834.003399999989,-353.04919999999987
2012-11-22,7020.189999999999,1204.8729
2012-11-23,13101.757300000003,1696.005299999999
2012-11-24,7935.703999999999,1681.2560000000003
2012-11-25,385.68399999999997,-110.00000000000001
2012-11-26,6162.061999999998,1428.1115000000002
2012-11-27,10679.320599999995,1490.9223000000004
2012-11-28,13772.073460000001,503.69446000000016
2012-11-29,10128.225799999998,2214.817999999999
2012-11-30,9337.145600000002,769.3787000000003
2012-12-01,15573.4269,1077.0118999999997
2012-12-02,282.348,3.708000000000002
2012-12-03,22906.4414,1454.3997999999995
2012-12-04,16801.13678,490.8523799999999
2012-12-05,6986.344359999999,1998.8889600000002
2012-12-06,11697.425000000001,2403.2090000000003
2012-12-07,11723.746100000006,1757.1468999999995
2012-12-08,4077.123999999999,81.63050000000004
2012-12-09,2455.9500000000003,-358.9602
2012-12-10,8745.131280000001,889.70408
2012-12-11,12184.697300000005,1747.5506999999998
2012-12-12,7409.139200000002,1569.1497000000004
2012-12-13,16506.5184,2346.8177
2012-12-14,5520.3778,1594.8628999999999
2012-12-15,11397.997999999996,-373.1524999999998
2012-12-16,2137.68,727.1706
2012-12-17,13440.208999999999,1193.1459000000002
2012-12-18,7509.476999999998,-184.0180000000001
2012-12-19,22433.197320000003,3406.7063199999984
2012-12-20,20077.66394,1588.0467400000002
2012-12-21,10490.678760000003,2052.83356
2012-12-22,5545.724999999999,329.63520000000005
2012-12-23,606.02,154.7528
2012-12-24,15731.130840000002,451.3904400000001
2012-12-25,21570.603099999986,1034.5949999999996
2012-12-26,16941.76952,-335.73427999999984
2012-12-27,15327.653099999996,1220.1605000000002
2012-12-28,14815.168299999998,1949.778900000001
2012-12-29,1870.5077999999999,517.6614
2012-12-30,4823.094000000001,720.7878000000001
2012-12-31,10668.5844,1441.0186000000003
2013-01-01,9369.152999999997,1346.5230000000004
2013-01-02,11613.895600000002,1858.8766000000003
2013-01-03,5790.968999999999,1191.255
2013-01-04,16266.573439999998,2500.8054400000005
2013-01-05,5795.9995,1520.8322999999998
2013-01-06,98.96,13.84
2013-01-07,12466.376000000002,1458.7991000000002
2013-01-08,6649.573,884.8952999999999
2013-01-09,4550.417999999998,179.57999999999996
2013-01-10,7617.942899999999,1465.8582000000004
2013-01-11,4942.566499999999,1082.0659000000003
2013-01-12,7543.6876,1003.2875999999998
2013-01-13,46.11600000000001,11.675999999999998
2013-01-14,2583.105379999999,54.29737999999998
2013-01-15,7600.389999999999,245.4094
2013-01-16,4987.917199999999,587.3357
2013-01-17,3968.6695999999997,25.407800000000012
2013-01-18,7588.743160000001,805.3631599999999
2013-01-19,5773.738,708.4979999999999
2013-01-20,2252.5499999999997,856.8000000000001
2013-01-21,11124.019,2563.3858
2013-01-22,6085.718,848.4589000000002
2013-01-23,5145.695999999998,1136.2028000000003
2013-01-24,2210.3428000000004,206.47280000000003
2013-01-25,8421.978999999998,530.4528000000001
2013-01-26,1176.5256000000002,182.35559999999998
2013-01-27,1290.4199999999998,457.8
2013-01-28,12537.848500000002,1048.7053000000003
2013-01-29,9020.703,827.2529999999998
2013-01-30,6866.554399999998,-5.196200000000054
2013-01-31,7798.757199999999,1213.263
2013-02-01,3303.9615599999997,-635.0822399999998
2013-02-02,11259.02264,3172.0196399999995
2013-02-03,1204.71,238.704
2013-02-04,1414.6089999999997,90.68779999999998
2013-02-05,18217.846079999996,1723.5166800000004
2013-02-06,8925.3719,-52.0029
2013-02-07,8287.904999999999,1804.4454999999998
2013-02-08,9333.572100000001,1831.9733999999999
2013-02-09,5124.833,-362.74920000000003
2013-02-10,997.7189999999999,86.16900000000001
2013-02-11,8821.353620000002,2380.0029199999994
2013-02-12,6532.916,832.2940000000001
2013-02-13,3511.6102000000005,453.0301999999999
2013-02-14,5786.874679999999,307.99838000000005
2013-02-15,3596.8350000000005,440.47319999999996
2013-02-16,3844.5270000000005,673.0722000000001
2013-02-18,12446.433999999997,2285.4339999999997
2013-02-19,7327.424499999999,648.1669999999997
2013-02-20,4248.397999999999,585.9294000000001
2013-02-21,4173.246999999999,217.0055000000001
2013-02-22,8363.589999999998,2697.3509000000004
2013-02-23,1928.082,349.61699999999996
2013-02-25,5845.52872,-167.90128000000004
2013-02-26,5315.825000000001,-34.88500000000002
2013-02-27,15505.161399999995,3957.1130000000003
2013-02-28,1922.2929999999992,240.11299999999997
2013-03-01,6597.06804,88.29684
2013-03-02,7286.518,1977.6271
2013-03-03,444.89579999999995,50.36579999999999
2013-03-04,15417.512000000006,167.81670000000008
2013-03-05,8917.342679999998,1980.91058
2013-03-06,6954.350320000001,1816.9506200000003
2013-03-07,3656.2319,-643.4266000000002
2013-03-08,9786.366999999998,2488.5554000000006
2013-03-09,2424.0645600000007,259.0343599999999
2013-03-10,635.6000000000001,212.07860000000002
2013-03-11,18502.21736,1355.3856600000008
2013-03-12,5184.498,717.0118000000002
2013-03-13,11326.879499999997,-1844.4352000000006
2013-03-14,11487.989,-370.54760000000005
2013-03-15,6026.352079999999,1543.58828
2013-03-16,3828.159999999999,311.8988999999999
2013-03-17,35.34,9.18
2013-03-18,7049.698559999998,1253.2286600000004
2013-03-19,8508.078699999998,1355.5357000000001
2013-03-20,8830.2609,1947.1047
2013-03-21,4664.941240000001,1210.79534
2013-03-22,2700.9166999999993,-16.120300000000004
2013-03-23,9343.8875,1922.0711000000001
2013-03-24,193.24,68.52
2013-03-25,6929.899699999997,592.0509000000001
2013-03-26,3764.6950999999985,647.2466000000001
2013-03-27,8676.109380000004,1152.1150799999996
2013-03-28,3555.3725999999997,583.9780000000001
2013-03-29,10828.672000000002,2159.7014
2013-03-30,4669.2935,431.74160000000006
2013-03-31,367.57800000000003,5.514600000000001
2013-04-01,5679.585000000001,831.5423000000001
2013-04-02,10219.964500000006,2380.2554999999998
2013-04-03,5294.401599999998,864.2456
2013-04-04,3970.898999999999,-282.346
2013-04-05,8882.754500000001,1553.3352
2013-04-06,3030.1485000000002,-13.055700000000014
2013-04-07,2496.13,104.66499999999995
2013-04-08,7426.455900000002,-921.0446
2013-04-09,10098.59432,-2491.7193800000005
2013-04-10,6461.464800000001,502.2847000000002
2013-04-11,3486.196000000001,438.19020000000006
2013-04-12,8453.234599999998,2477.3746
2013-04-13,3538.9849999999997,721.3169
2013-04-14,1176.06,115.61640000000001
2013-04-15,6550.781319999999,-14.98207999999996
2013-04-16,7757.19348,1242.0447800000009
2013-04-17,13408.670999999997,3266.3281999999995
2013-04-18,7217.3340800000005,1639.1704800000002
2013-04-19,5935.013400000002,-259.51700000000005
2013-04-20,5387.88944,1030.5528399999998
2013-04-22,2692.2856000000006,479.8167999999999
2013-04-23,8133.4850400000005,-750.9195599999998
2013-04-24,3658.2199999999993,389.552
2013-04-25,9208.558019999999,616.8420200000002
2013-04-26,10916.00614,2077.542939999999
2013-04-27,2222.7059999999997,619.5222
2013-04-29,3897.4986999999996,690.1831999999999
2013-04-30,10620.800900000002,2155.2409000000007
2013-05-01,11486.838800000007,1455.5604000000003
2013-05-02,1993.9131000000002,-109.5755
2013-05-03,10906.305900000003,2299.7172999999993
2013-05-04,7506.0037,304.91409999999996
2013-05-05,1605.42,424.2
2013-05-06,6345.9162,1218.9874
2013-05-07,9004.901300000001,572.2746000000002
2013-05-08,11563.109500000002,1852.5145
2013-05-09,6235.918699999998,-227.6967999999999
2013-05-10,8156.049999999999,578.1566
2013-05-11,6436.862,294.4011999999999
2013-05-12,436.83400000000006,-141.16499999999996
2013-05-13,3520.26,219.11030000000005
2013-05-14,10354.084859999997,957.1048600000003
2013-05-15,8747.565599999996,1126.7731000000006
2013-05-16,14928.276199999995,1808.0990000000008
2013-05-17,8981.656839999994,440.25784
2013-05-18,2135.1778400000003,438.50673999999987
2013-05-19,832.8,168.4206
2013-05-20,4217.01962,878.6206199999999
2013-05-21,10407.966,3160.5022999999997
2013-05-22,9609.7165,1225.8434
2013-05-23,4886.855860000001,678.22056
2013-05-24,22700.503440000008,-491.8245600000001
2013-05-25,3839.104699999999,616.3629
2013-05-26,1364.8899999999999,179.9108
2013-05-27,11794.5539,2181.8885
2013-05-28,17001.1588,1289.4764
2013-05-29,14578.937239999994,1459.0790400000003
2013-05-30,12983.551100000004,3303.882000000001
2013-05-31,15936.412999999999,333.1709000000001
2013-06-01,8286.255000000001,-23.574399999999986
2013-06-02,1710.8220000000001,312.3619999999999
2013-06-03,11974.78,3717.215600000001
2013-06-04,18446.546739999994,1766.52154
2013-06-05,19053.699799999988,2252.6790999999985
2013-06-06,10820.213800000001,1656.9250000000004
2013-06-07,20571.803359999984,2865.57286
2013-06-08,8766.297299999998,149.92719999999994
2013-06-09,449.66999999999996,104.52000000000001
2013-06-10,21924.19572,-1842.6781800000003
2013-06-11,23931.948080000006,2336.762480000001
2013-06-12,15274.136059999997,4050.58516
2013-06-13,18579.194900000013,-263.9462
2013-06-14,17450.4206,3328.4578999999994
2013-06-15,13960.015720000001,1921.79412
2013-06-16,1241.248,-811.4949999999999
2013-06-17,20476.839400000008,2353.775400000001
2013-06-18,20791.189599999994,1180.1923
2013-06-19,10296.512599999998,372.54200000000003
2013-06-20,10392.928300000001,2770.4947
2013-06-21,11388.293080000007,937.9177800000004
2013-06-22,3666.7079999999987,338.3592
2013-06-23,2961.438,283.03799999999995
2013-06-24,24123.81282000001,2393.5103200000012
2013-06-25,22756.93159999999,4055.442399999999
2013-06-26,12466.333999999999,1458.2964000000004
2013-06-27,17975.078660000003,4563.484660000001
2013-06-28,16550.221759999997,2556.4111599999997
2013-06-29,5627.047000000001,-103.04810000000005
2013-06-30,4605.03,796.368
2013-07-01,9508.078880000003,2291.31208
2013-07-02,10953.626640000002,817.9152400000003
2013-07-03,9431.70904,-352.21636000000007
2013-07-04,6050.223199999999,1253.9189999999996
2013-07-05,5129.539699999998,725.9988
2013-07-06,5712.55404,962.1340400000001
2013-07-07,51.52,0.0
2013-07-08,16834.877999999997,2465.136199999999
2013-07-09,5904.4355000000005,594.4725999999999
2013-07-10,10176.856,1428.7495999999999
2013-07-11,11002.644800000002,347.9685999999999
2013-07-12,10501.206719999996,1717.8267199999998
2013-07-13,2029.7149999999997,239.027
2013-07-14,2441.02352,593.9735199999999
2013-07-15,10978.83828,2658.1877800000007
2013-07-16,10726.377300000002,1132.2413000000001
2013-07-17,5669.85686,-300.26913999999994
2013-07-18,4888.334,1229.3557
2013-07-19,7928.499900000001,587.1829000000002
2013-07-20,7852.508,1278.8439999999998
2013-07-21,89.95,43.176
2013-07-22,14716.443699999998,1607.1866999999993
2013-07-23,8701.277919999997,1170.40962
2013-07-24,4495.121000000001,273.08510000000007
2013-07-25,15506.914899999998,2427.8945000000003
2013-07-26,11296.750499999998,2493.3396000000002
2013-07-27,977.52,242.99999999999997
2013-07-28,716.7330000000001,-277.077
2013-07-29,7271.4761,-1202.2580999999998
2013-07-30,5760.466999999999,1202.0583
2013-07-31,6623.872499999999,1211.2529
2013-08-01,15739.888879999999,2627.01178
2013-08-02,9884.044219999996,1930.2798200000009
2013-08-03,4220.289999999998,462.87980000000005
2013-08-04,3406.9703999999997,253.64340000000007
2013-08-05,6754.547699999999,166.17310000000003
2013-08-06,12377.636999999999,1905.1619999999996
2013-08-07,12677.573440000007,1280.9556399999994
2013-08-08,6508.446880000002,692.08248
2013-08-09,9095.2398,-86.05759999999997
2013-08-10,4810.347999999999,-113.13139999999993
2013-08-11,943.506,60.936
2013-08-12,18109.25496,2803.1601600000004
2013-08-13,15315.077499999994,-435.92840000000007
2013-08-14,9339.940000000002,-244.26919999999996
2013-08-15,18846.98,2018.2382000000007
2013-08-16,19199.204720000012,3070.22192
2013-08-17,3204.735000000001,598.5672000000003
2013-08-18,24.072,6.4155999999999995
2013-08-19,13954.554880000002,-2510.9710200000004
2013-08-20,11053.138000000003,1773.8373000000006
2013-08-21,14644.505300000003,2589.605900000001
2013-08-22,20914.68119999999,352.98100000000017
2013-08-23,10338.436900000004,1265.9599
2013-08-24,15632.693300000003,2519.3998
2013-08-25,375.45599999999996,74.646
2013-08-26,9247.405000000002,1592.7350000000004
2013-08-27,21351.468500000006,2860.315699999999
2013-08-28,11947.6502,865.5321
2013-08-29,9017.61244,396.3529400000001
2013-08-30,8131.032639999998,1430.5776399999997
2013-08-31,9422.398499999996,816.3557000000002
2013-09-01,365.30800000000005,71.9068
2013-09-02,12374.247200000003,2798.1053999999995
2013-09-03,22431.6059,1066.2296
2013-09-04,14181.086879999999,1107.2602799999997
2013-09-05,17986.41249999999,3924.1713000000027
2013-09-06,14405.467000000002,2480.7544000000007
2013-09-07,2432.237,430.61280000000016
2013-09-08,1058.2104,-0.009600000000000719
2013-09-09,15472.044899999995,1237.0413000000003
2013-09-10,16155.075859999995,2542.115459999998
2013-09-11,12800.840199999997,2145.7666000000004
2013-09-12,17038.450500000003,3025.4647
2013-09-13,12952.544939999996,2491.0403400000005
2013-09-14,20747.764000000003,-278.80129999999974
2013-09-15,1840.9280000000003,176.60459999999998
2013-09-16,20816.33050000001,2774.9483999999993
2013-09-17,16186.458299999998,2155.3141000000005
2013-09-18,6126.710939999999,1080.0352400000004
2013-09-19,21465.18070000002,2109.094700000001
2013-09-20,23853.26708000001,2673.3550800000003
2013-09-21,14390.614519999996,2468.761119999999
2013-09-22,164.60999999999999,59.459999999999994
2013-09-23,4632.708000000001,605.4900999999998
2013-09-24,14077.279999999999,691.2714999999997
2013-09-25,18285.901599999997,1202.7661
2013-09-26,17363.495840000003,-2068.7799600000003
2013-09-27,11984.17129999999,453.0529
2013-09-28,7035.8718,-77.82419999999995
2013-09-29,997.918,-29.188000000000006
2013-09-30,16996.50382,1589.6480200000005
2013-10-01,7366.253,1082.1323999999995
2013-10-02,11091.915760000004,1326.3222600000006
2013-10-03,26325.297980000007,9332.493080000004
2013-10-04,12945.090399999997,948.1382000000003
2013-10-05,10810.083400000001,2810.6611999999996
2013-10-06,72.9204,9.2004
2013-10-07,7622.660460000002,-549.1366399999997
2013-10-08,9901.5372,1782.2131999999997
2013-10-09,14508.556299999998,1304.679900000001
2013-10-10,5394.941999999999,56.67360000000007
2013-10-11,11738.094899999995,1868.4129999999993
2013-10-12,4575.070160000002,342.29916000000003
2013-10-13,1156.0,325.70000000000005
2013-10-14,9136.938999999997,515.2882999999998
2013-10-15,17727.941300000002,2977.5802999999996
2013-10-16,14027.94621999999,1095.30722
2013-10-17,14107.5114,2195.7841999999996
2013-10-18,12939.441299999999,1800.5863
2013-10-19,962.5680000000001,-81.13300000000001
2013-10-20,412.188,41.628
2013-10-21,10370.951599999999,259.04890000000006
2013-10-22,14937.474920000002,2620.8735199999987
2013-10-23,15583.325,3322.3108
2013-10-24,3728.86576,471.63395999999995
2013-10-25,7382.3006,1028.4784999999997
2013-10-26,2369.88172,408.24771999999996
2013-10-27,1590.264,154.94400000000002
2013-10-28,8588.956,2389.1209999999996
2013-10-29,12815.108459999998,1030.2452599999997
2013-10-30,13942.415199999992,2007.2396000000003
2013-10-31,9274.14244,-443.7517599999998
2013-11-01,20912.127819999998,4450.635019999998
2013-11-02,3214.9610000000007,-52.95880000000002
2013-11-04,13808.271140000003,1666.0053400000008
2013-11-05,15754.073999999995,1327.8610999999994
2013-11-06,16328.256900000002,1388.9332000000009
2013-11-07,8291.361699999996,1257.2639000000004
2013-11-08,13703.437800000003,2609.138999999999
2013-11-09,10233.151919999998,-705.6324800000001
2013-11-10,479.97,177.5889
2013-11-11,19648.519099999994,1784.4295
2013-11-12,8931.848099999997,673.21
2013-11-13,19744.77918000001,2504.896380000001
2013-11-14,10062.8955,1563.8877000000002
2013-11-15,20263.876500000002,2479.015500000001
2013-11-16,7730.995000000001,1555.6871000000003
2013-11-17,3740.2960000000003,795.2919999999999
2013-11-18,12479.184300000004,616.6320000000003
2013-11-19,24523.33794000001,5983.127940000001
2013-11-20,5286.265900000001,1174.3743999999995
2013-11-21,9791.073,1359.2725999999996
2013-11-22,15233.321819999994,2741.8544200000006
2013-11-23,6812.497999999999,1418.6789999999999
2013-11-24,3372.64564,1199.7092400000001
2013-11-25,16204.896119999998,3036.5942200000018
2013-11-26,20902.22929999999,-4787.548600000002
2013-11-27,14318.572999999995,3277.2657
2013-11-28,29925.34976000002,5538.725160000001
2013-11-29,15182.302559999998,2574.4635599999992
2013-11-30,7108.861100000002,454.5936999999999
2013-12-01,1364.885,162.1973
2013-12-02,15644.010999999999,2490.2508000000016
2013-12-03,19735.464999999997,3039.662200000001
2013-12-04,17446.074419999994,2212.374619999999
2013-12-05,6781.752000000003,669.5647999999999
2013-12-06,20781.3036,3779.4265
2013-12-07,7412.276999999999,1827.2761
2013-12-08,383.68000000000006,101.79999999999998
2013-12-09,12882.084100000004,968.3694000000003
2013-12-10,16257.490500000002,658.9767999999996
2013-12-11,18101.083300000002,4140.041599999998
2013-12-12,18001.20683999999,916.1790400000003
2013-12-13,9430.059500000001,1324.8876999999998
2013-12-14,4576.245919999999,-151.12668000000002
2013-12-15,1385.358,296.96529999999996
2013-12-16,23018.652799999993,3840.1144000000004
2013-12-17,13433.86052,1869.8422199999995
2013-12-18,33934.38259999998,8277.165499999994
2013-12-19,15151.203000000001,1534.0173999999997
2013-12-20,22227.353480000005,244.77617999999978
2013-12-21,3501.239000000001,339.43979999999993
2013-12-22,2333.24,348.27
2013-12-23,15337.141099999997,1728.6165
2013-12-24,15831.489899999997,1882.1732999999995
2013-12-25,11340.687999999996,1784.0709000000004
2013-12-26,36435.14374000001,2383.134840000001
2013-12-27,10278.310499999994,690.8540999999998
2013-12-28,3553.0362999999998,-52.92510000000001
2013-12-29,426.56000000000006,28.98
2013-12-30,14292.379999999997,1602.295499999999
2013-12-31,14176.720899999998,1265.2000999999993
2014-01-01,3614.0345,163.39000000000001
2014-01-02,4169.516139999999,237.72724
2014-01-03,11327.622,1605.6906999999994
2014-01-04,4705.2737,62.98170000000001
2014-01-05,426.65999999999997,145.35
2014-01-06,10840.652499999998,1130.8525
2014-01-07,6201.1715,140.0219
2014-01-08,13412.551000000007,1110.0802000000003
2014-01-09,9742.348999999998,449.4372
2014-01-10,4202.1201,68.58660000000006
2014-01-11,4428.555,313.39500000000004
2014-01-12,74.376,-16.284
2014-01-13,5358.2829999999985,302.37699999999995
2014-01-14,17297.800000000007,2647.292400000002
2014-01-15,6001.588300000001,1312.9882000000002
2014-01-16,11339.187339999997,2635.713339999999
2014-01-17,14419.376999999995,3720.6679999999988
2014-01-18,9690.958999999997,-819.4709999999998
2014-01-19,194.04,34.92
2014-01-20,11621.876700000003,1836.8960000000002
2014-01-21,8760.212280000003,617.51628
2014-01-22,12946.099099999998,1421.5448
2014-01-23,6711.383000000001,1454.1921000000002
2014-01-24,9327.464000000002,1873.6899999999996
2014-01-25,7099.290999999998,1967.6631999999997
2014-01-26,2073.1634999999997,538.9635000000001
2014-01-27,5229.794400000001,1230.5298999999998
2014-01-28,8557.403799999998,-1616.8563000000008
2014-01-29,11461.767000000002,1239.1248
2014-01-30,7594.134,1128.9751000000003
2014-01-31,12439.850799999993,1063.4299
2014-02-01,866.496,68.066
2014-02-03,4501.090500000001,84.36349999999999
2014-02-04,8190.8021,1079.0051000000005
2014-02-05,6322.964999999998,1139.6892
2014-02-06,7087.843800000001,399.16380000000004
2014-02-07,11013.111,-1191.8971999999999
2014-02-08,2330.52,941.73
2014-02-09,127.89,15.33
2014-02-10,11901.246899999996,1809.9102999999996
2014-02-11,12390.488999999998,967.4033999999999
2014-02-12,11209.1396,2121.6554
2014-02-13,9613.099700000004,1082.6496999999997
2014-02-14,11483.1528,2287.837299999999
2014-02-15,2606.401,469.851
2014-02-16,412.38,81.75000000000001
2014-02-17,10506.711000000007,428.63460000000003
2014-02-18,9960.888500000001,1066.0433
2014-02-19,6749.055399999998,1331.9976
2014-02-20,6909.838999999998,367.4605
2014-02-21,8022.325899999999,-468.25620000000004
2014-02-22,2684.9399999999996,550.4319999999999
2014-02-23,753.711,261.50100000000003
2014-02-24,8064.3712000000005,1154.2612000000001
2014-02-25,6739.635000000002,770.6519
2014-02-26,4574.098799999999,223.53700000000012
2014-02-27,10045.579,1205.1861999999999
2014-02-28,9769.573359999997,1503.74336
2014-03-01,2913.32268,91.09687999999994
2014-03-02,613.0529999999999,132.733
2014-03-03,4703.6428000000005,725.8264999999999
2014-03-04,11929.406199999987,1557.8702999999998
2014-03-05,6783.226999999999,-1244.1273999999999
2014-03-06,7211.671000000001,1307.6923000000002
2014-03-07,4784.565,857.2850000000002
2014-03-08,3177.4059999999995,590.3274
2014-03-09,882.46,251.30800000000002
2014-03-10,5362.436799999998,-162.2487
2014-03-11,12587.337999999996,644.4364
2014-03-12,9031.696199999998,598.2765999999998
2014-03-13,6264.614999999999,1244.059
2014-03-14,14090.967500000002,2553.0230999999994
2014-03-15,9022.7951,1064.9707
2014-03-16,68.824,-66.896
2014-03-17,20497.380439999997,2684.0519400000003
2014-03-18,11182.054879999998,-475.31372
2014-03-19,12634.700999999997,1676.1148999999991
2014-03-20,9521.113999999998,1908.7452999999996
2014-03-21,9052.518,1603.1145000000004
2014-03-22,8990.948999999999,1928.8426000000004
2014-03-23,240.45,21.6
2014-03-24,23864.24449999999,7830.094099999998
2014-03-25,8008.523799999999,1215.8482000000008
2014-03-26,17628.177759999995,3173.8243599999996
2014-03-27,15203.494639999995,1446.4043400000003
2014-03-28,10960.880320000002,1685.1375200000002
2014-03-29,1731.742,-95.33579999999998
2014-03-30,251.86,81.914
2014-03-31,13905.256000000005,2526.5852
2014-04-01,12109.781300000004,710.0863
2014-04-02,14932.880220000005,1046.3830199999995
2014-04-03,9184.257700000002,606.0658999999999
2014-04-04,2807.2174,-354.21400000000006
2014-04-05,1767.8155999999997,254.48329999999996
2014-04-06,1151.547,203.69699999999997
2014-04-07,11079.149300000001,2803.8397
2014-04-08,7562.371499999999,-289.0517
2014-04-09,16025.2166,2698.2349000000013
2014-04-10,8510.58544,2195.29754
2014-04-11,8917.334079999999,409.4992799999999
2014-04-12,5151.339000000001,421.13000000000005
2014-04-13,1890.0720000000001,134.37900000000002
2014-04-14,12465.567000000005,2811.4934000000003
2014-04-15,11623.83186,1169.60236
2014-04-16,15246.712540000002,2507.01964
2014-04-17,11517.072500000002,966.8045
2014-04-18,8721.176600000004,-3196.4674000000005
2014-04-19,1880.865,250.47499999999997
2014-04-20,1073.979,70.239
2014-04-21,13644.6222,1648.1464999999996
2014-04-22,7244.557000000002,703.2871000000001
2014-04-23,7784.1709200000005,456.2119199999999
2014-04-24,10634.0821,2175.8873000000003
2014-04-25,5870.732,-365.85209999999995
2014-04-26,5624.4664999999995,1071.5984000000003
2014-04-27,1084.3236,285.43790000000007
2014-04-28,13019.033599999999,1513.2086000000002
2014-04-29,4531.0222,485.2634
2014-04-30,9716.079539999999,390.11544000000026
2014-05-01,10075.2904,619.4593999999997
2014-05-02,10095.551199999998,-444.0465999999998
2014-05-03,2956.367,116.27139999999996
2014-05-04,2777.3979999999997,-45.52820000000001
2014-05-05,7532.741999999998,1445.4163000000003
2014-05-06,3321.7976999999996,17.892200000000045
2014-05-07,14736.6462,408.42120000000006
2014-05-08,22267.379499999995,2287.979000000002
2014-05-09,14904.578999999994,1839.4385999999995
2014-05-10,8213.044759999997,1047.9951599999993
2014-05-11,808.322,-120.64800000000002
2014-05-12,6460.4826,-256.02130000000005
2014-05-13,7718.0362000000005,1273.123200000001
2014-05-14,4904.3119,1143.4770999999998
2014-05-15,14365.104000000001,2543.9298000000003
2014-05-16,21188.90412,2895.51482
2014-05-17,6513.589499999999,2292.6095000000005
2014-05-18,160.736,-162.21400000000003
2014-05-19,16817.5266,1752.2521999999997
2014-05-20,12204.740839999997,2711.06414
2014-05-21,8808.348799999996,918.2212000000003
2014-05-22,8316.259,1701.2673
2014-05-23,8352.0368,-2115.5046999999995
2014-05-24,8062.777699999998,1547.544
2014-05-25,1212.5688000000002,-734.1311999999999
2014-05-26,10350.4676,1554.0632999999993
2014-05-27,13568.354519999999,2940.8341200000013
2014-05-28,12134.910300000001,2509.820099999998
2014-05-29,16614.257999999998,2178.0213999999996
2014-05-30,6477.1894999999995,1028.7114000000001
2014-05-31,6481.3256,1058.3249
2014-06-01,2039.844,-11.045999999999987
2014-06-02,15738.014899999998,1714.0590000000007
2014-06-03,17697.93048,2660.7409800000005
2014-06-04,17543.372639999994,2395.8120399999993
2014-06-05,11191.208080000002,1535.31928
2014-06-06,14222.066359999995,206.19926000000004
2014-06-07,4525.761160000002,781.4391599999999
2014-06-08,2846.6699999999987,975.73
2014-06-09,20002.271460000004,2517.9953600000013
2014-06-10,18326.51064,603.6249400000004
2014-06-11,17144.681559999997,2443.730860000001
2014-06-12,11547.570960000005,1572.7081600000004
2014-06-13,12595.6398,-41.383800000000065
2014-06-14,7436.2755,-491.4647000000001
2014-06-15,1382.532,230.892
2014-06-16,17988.198599999996,1862.9603999999997
2014-06-17,19974.100560000014,2731.401560000001
2014-06-18,32197.376040000017,2550.2199399999977
2014-06-19,12526.266019999997,-86.17957999999992
2014-06-20,12022.670999999998,1209.8854000000003
2014-06-21,6228.621200000001,932.2651999999997
2014-06-22,1218.6009000000001,312.0741
2014-06-23,16701.288619999996,797.0382199999997
2014-06-24,27468.73763999999,6626.57764
2014-06-25,13231.435000000005,-632.5823999999999
2014-06-26,21339.980319999995,3334.5358199999987
2014-06-27,17892.87128,4165.70468
2014-06-28,6938.569,1556.5589
2014-06-29,2437.8300000000004,250.44
2014-06-30,19407.167379999988,1073.3463800000009
2014-07-01,8456.244999999999,184.49530000000004
2014-07-02,11007.220000000001,2302.6245999999996
2014-07-03,8742.406080000002,-332.98002
2014-07-04,17291.877699999994,3637.2588000000005
2014-07-05,10303.694,1872.934
2014-07-06,652.2800000000001,-338.2638999999999
2014-07-07,7773.595080000001,-32.86751999999996
2014-07-08,4797.914999999999,-177.1721
2014-07-09,15173.261639999997,3151.8152400000013
2014-07-10,9793.106000000003,1694.1933999999999
2014-07-11,8423.758939999996,1353.60994
2014-07-12,8354.7919,1373.4180000000001
2014-07-13,213.528,-200.2155
2014-07-14,9468.3334,-22.111900000000226
2014-07-15,7418.244500000002,-233.8334000000001
2014-07-16,9491.332979999992,1930.2391800000005
2014-07-17,11801.931999999997,1987.1833999999994
2014-07-18,6535.983000000002,1391.4042000000002
2014-07-19,7835.41144,-597.64236
2014-07-21,12391.463739999992,1005.3031399999996
2014-07-22,12723.114319999999,1323.6789200000003
2014-07-23,4115.883000000001,140.2229
2014-07-24,7808.156999999999,67.53079999999996
2014-07-25,6340.438400000001,1073.8744000000004
2014-07-26,6679.559699999999,679.7109
2014-07-27,3904.6324999999997,849.1845
2014-07-28,8970.949419999999,1631.5149200000003
2014-07-29,11164.4213,1396.0609000000002
2014-07-30,12999.092439999999,76.10904000000001
2014-07-31,8073.051999999998,848.5928000000004
2014-08-01,13110.543400000004,3119.5767999999994
2014-08-02,19434.857000000004,2763.3407999999986
2014-08-03,1581.0614999999998,-112.58850000000002
2014-08-04,21527.227100000007,4353.669999999997
2014-08-05,13400.403400000003,1434.9754000000005
2014-08-06,19847.428760000006,1948.0861600000003
2014-08-07,23214.350759999998,3610.9009599999995
2014-08-08,17935.557999999997,1057.0794
2014-08-09,8220.350499999999,445.2405000000001
2014-08-11,20214.394900000003,2180.9693000000016
2014-08-12,14177.267739999998,1474.1161400000005
2014-08-13,22487.845500000003,3567.8659999999995
2014-08-14,18806.92429999999,-541.6149000000006
2014-08-15,12693.382740000005,850.4246399999995
2014-08-16,15881.6061,837.1305
2014-08-17,615.224,90.9308
2014-08-18,20153.8113,2271.9017999999987
2014-08-19,17608.52444,2819.4210400000015
2014-08-20,25234.65529999999,2865.1886
2014-08-21,12040.448299999995,1429.3161000000002
2014-08-22,28177.656499999997,5112.901300000006
2014-08-23,9433.456699999999,1213.3965999999994
2014-08-24,5495.804,517.846
2014-08-25,11276.6997,1711.7096999999999
2014-08-26,18164.348699999988,-572.8501000000005
2014-08-27,8966.794059999998,794.8890600000003
2014-08-28,22058.432599999996,3693.806700000001
2014-08-29,28418.935760000004,3909.2646599999994
2014-08-30,5979.739299999999,608.7895
2014-08-31,462.21,87.21000000000001
2014-09-01,16767.343,2683.6115
2014-09-02,16641.96224,1647.8008400000003
2014-09-03,27844.18495999999,6136.406259999999
2014-09-04,19503.059,3264.3518000000013
2014-09-05,19645.259579999984,1694.5326800000003
2014-09-06,12910.193799999997,2440.7654000000016
2014-09-07,630.36,86.31
2014-09-08,27668.911000000015,7501.9457
2014-09-09,10259.918779999993,-575.1353199999998
2014-09-10,8982.8825,40.88610000000007
2014-09-11,22511.703900000004,2089.7459999999996
2014-09-12,23056.046640000008,3427.615340000001
2014-09-13,8900.313499999998,1132.3845000000003
2014-09-14,604.3699999999999,203.66600000000003
2014-09-15,16199.989259999997,1986.88396
2014-09-16,22922.897299999982,3999.1706000000017
2014-09-17,22945.900419999998,2501.747820000001
2014-09-18,29838.065479999997,4768.3811799999985
2014-09-19,17151.95702,2450.9891199999993
2014-09-20,6013.832999999996,1003.6048999999997
2014-09-21,8200.497000000001,1713.4354
2014-09-22,10645.031599999998,1825.5764999999997
2014-09-23,23876.49318,2079.7822800000004
2014-09-24,13629.542619999998,-44.597779999999865
2014-09-25,21492.49492000001,4181.994419999999
2014-09-26,26791.06308,4126.697880000002
2014-09-27,8142.87066,-69.90303999999983
2014-09-28,5995.96164,2068.2716399999995
2014-09-29,17931.8976,3768.7286999999997
2014-09-30,13452.240020000003,-156.19928000000044
2014-10-01,7427.7711,-507.2142
2014-10-02,21532.282499999998,5433.239500000002
2014-10-03,22240.578199999985,2401.0295000000015
2014-10-04,8752.066419999997,2444.76962
2014-10-05,1601.3229999999999,105.0144
2014-10-06,22333.481199999987,3288.8628999999996
2014-10-07,18471.695559999996,869.6365600000003
2014-10-08,10372.342599999996,1013.8230999999996
2014-10-09,13440.887760000003,1941.1552600000007
2014-10-10,11760.007959999999,-1664.569140000001
2014-10-11,6575.4189000000015,483.39930000000004
2014-10-12,3783.4869999999996,772.8969999999999
2014-10-13,30242.16620000001,4651.183900000001
2014-10-14,17237.640359999994,3771.4202599999994
2014-10-15,8445.633100000001,1002.2308999999996
2014-10-16,9612.996279999994,227.68547999999993
2014-10-17,29929.68797999999,3710.8798800000022
2014-10-18,4896.627900000002,187.96479999999997
2014-10-19,2605.719600000001,125.6496
2014-10-20,14932.046000000004,1519.1853999999996
2014-10-21,11263.772360000004,1755.4302599999992
2014-10-22,16067.356700000002,2056.3248000000012
2014-10-23,24770.414,6558.113600000001
2014-10-24,19624.697580000004,2464.7148800000004
2014-10-25,6714.714199999999,284.3087
2014-10-27,11054.28782,2083.467320000001
2014-10-28,22230.4128,4655.7153
2014-10-29,15127.462899999997,907.7226000000005
2014-10-30,10448.811740000001,2029.47254
2014-10-31,19270.839439999992,3636.3207399999997
2014-11-01,5190.376,498.17740000000003
2014-11-02,3889.0499999999997,403.23690000000005
2014-11-03,17834.445799999987,1440.7733999999996
2014-11-04,19814.964000000007,1304.0377999999994
2014-11-05,24506.74759999998,-2120.0606000000016
2014-11-06,18726.601999999988,3130.2682
2014-11-07,23916.908639999998,3102.688439999998
2014-11-08,17783.057439999993,3057.6310399999998
2014-11-09,1313.5,342.79200000000003
2014-11-10,19583.512940000004,2012.6844400000025
2014-11-11,21691.461499999994,2834.183300000001
2014-11-12,26974.00247999999,6438.502079999998
2014-11-13,19990.889419999992,1891.4084199999995
2014-11-14,23388.185719999998,2272.9707200000003
2014-11-15,5816.3859999999995,1050.3415999999997
2014-11-16,5086.306,1272.6420000000003
2014-11-17,22349.194759999984,2027.2000599999997
2014-11-18,39536.13199999999,9399.637299999997
2014-11-19,23160.074199999995,2884.2462999999984
2014-11-20,31408.04729999999,214.2643999999993
2014-11-21,26292.2328,1375.3355999999997
2014-11-22,17026.27624,3505.5820400000002
2014-11-23,3145.6999999999994,828.6099999999999
2014-11-24,16060.446100000001,2483.7744000000007
2014-11-25,25099.328000000005,4636.102799999999
2014-11-26,28477.40124,3188.876440000001
2014-11-27,26091.91439999999,2320.8197999999993
2014-11-28,24443.46442,140.18241999999995
2014-11-29,14512.760999999997,795.5372000000003
2014-11-30,2169.659,124.14199999999998
2014-12-01,17570.800799999997,1237.8899999999999
2014-12-02,17209.15599999999,1899.64
2014-12-03,25986.833720000006,2758.6607200000003
2014-12-04,23717.509580000005,2932.668279999999
2014-12-05,17065.344999999998,1035.1489
2014-12-06,5283.508000000001,751.5154999999999
2014-12-07,4389.329920000001,1668.1235199999999
2014-12-08,18619.8606,-2894.1506999999992
2014-12-09,20608.602799999997,1915.6063
2014-12-10,25548.673999999995,3068.3458000000014
2014-12-11,19206.875179999995,1550.3257799999994
2014-12-12,12083.518900000001,1082.345
2014-12-13,16622.140259999996,1371.7902599999998
2014-12-14,1309.2640000000001,172.64339999999999
2014-12-15,21374.216000000004,886.8920000000002
2014-12-16,11568.212899999997,1780.6695
2014-12-17,16429.1869,687.2661000000002
2014-12-18,16123.570000000002,1897.8825000000002
2014-12-19,25753.190099999993,3959.8848
2014-12-20,7806.260200000001,-98.51540000000006
2014-12-21,395.4959999999999,160.83150000000003
2014-12-22,10355.854999999998,1851.6364999999998
2014-12-23,28096.037500000002,3955.7192000000014
2014-12-24,20479.914700000005,3788.0664999999995
2014-12-25,22701.695379999994,4548.171080000001
2014-12-26,26571.34439999999,162.6576999999996
2014-12-27,13421.263759999993,-916.6400399999998
2014-12-28,1647.174,81.06379999999997
2014-12-29,25109.288779999995,2046.2067799999988
2014-12-30,16831.614799999996,2554.0045999999998
2014-12-31,13257.9543,1020.1708
